MMID,code,SiteID,exp,tag_sequencing,Metagenome_reads,Contigs,latitude,longitude,Altitude,sample_type,location1,location2,location3,location4,site_name,geotype1,tectonics1,tectonics2,tectonics3,tectonics4,aersub1,macrostrat_ID,macrostrat,macrostrat_type,macrostrat_siplified_type,mindat_id,mindat_lat,mindat_long,distance_to_mindat_km,mineral_list_csv,Temp,Salinity,pH,do,toc,tn,dic,co2,he,n2,doc,ch4,h2,o2,w_g,rc_ra,f,cl,so4,br,h2s,no_3,nh4,po4,li,na,nh4,k,mg,ca,si,database_solid,database_soli_id,material,rock_type,sample_name,lat_d,long_d,major_sum,sio2_d,tio2_d,al2o3_d,FEOt_d,mno_d,mgo_d,cao_d,na2o_d,k2o_d,p2o5_d,h2op_d,cu_d,co_d,mo_d,ni_d,v_d,zn_d,ba_d,be_d,ce_d,cr_d,dy_d,er_d,eu_d,ga_d,gd_d,ho_d,la_d,li_d,lu_d,nb_d,nd_d,pb_d,pr_d,rb_d,sc_d,sm_d,sr_d,ta_d,tb_d,th_d,ti_d,tl_d,u_d,w_d,y_d,yb_d,zr_d,DPM,CT,SedThic_On,DistCoast,DSub,DMOR,DOT,DHS,DV,DMUSGS,DEQ,HF,PV,elv,slab_name,DCS,SDepth,SDip,ConvR,ConvObl,ConvAge,code_bis,Cl_Set,Ca_Set,TAS
AG170420.f_S44247,AG_f,AG,CR17AGF,AG170420.f_S44247,,,,,,,,,,,,,,,,,,,,,,,,,,,,,,,,,,,,,,,,,,,,,,,,,,,,,,,,,,,,,,,,,,,,,,,,,,,,,,,,,,,,,,,,,,,,,,,,,,,,,,,,,,,,,,,,,,,,,,,,,,,,,,,,,,,,,,,,,,
CR18BCF,BC_f,BC,CR18,BC180410.f_S44255,NA,NA,8.806037,-79.790968,18,fluid,Central_America,Panama,Panama slab window,NA,Los Bajos the Corera (shit pool),spring,plate margin,convergent,oceanic-continental subduction,Arc,aerial,951702,felsic,igneous,granite,300983,8.78305556,-79.55,26.557502,"""Hematite""",31.8,23.87,7.5,51,NA,NA,56.85,996.8411,0,1.446355,NA,0.026547,0,1.607971,g,3.99,0.005789960346,165.5380363,0.4191477549,0.14,NA,NA,NA,NA,0.202,56.462,NA,1.524,2.09,0.27,NA,EarthChem,CG-05-24-06-03,whole_rock,"IGNEOUS, VOLCANIC, FELSIC, DACITE",CG-05-24-06-03,8.6244,-80.1193,100,68.94,0.25,17.1,2.6,0.06,1.04,3.77,4.51,1.66,0.07,NA,20,NA,NA,21,NA,38,541.24,NA,18.77,NA,0.88,0.25,0.57,NA,1.49,0.16,9.11,NA,0.03,2.14,7.38,7.28,1.96,14,NA,1.56,776,0.12,0.21,3.07,NA,NA,1.42,NA,4.69,0.46,92.85,1080.147247,24.03455597,461.997,17.61325445,205.6776725,640.4940088,349.156675,1667.611442,48.61955625,940.7255268,124.1901735,78.96003507,1.871906108,26.87850351,sam,234.1919474,-8.549098969,7.393302441,2.645936966,-0.42929703,109.2927704,BC,Perypheral geothermal,Mature deep,Rhyolite
CR17BRF2,BR2_f,BR2,CR17,BRF2.BR170218.2_S38591,CR17BRF2,CR17BRF2,10.89837,-85.32853,434,fluid,Central_America,Costa_Rica,Active volcanic arc,Guanacaste_region,Blue River 1,spring,plate margin,convergent,oceanic-continental subduction,Arc,aerial,951224,felsic,igneous,granite,187362,10.5111111,-85.3175,3.71917272,"Analcime,Awaruite,Bornite,Braunite,Brucite,Calcite,Chalcocite,Chalcopyrite,Chromite,Copper,Covellite,Cowlesite,Cristobalite,Cubanite,Cuprite,Erlichmanite,Galena,Gold,Heazlewoodite,Hematite,Hollandite,Kaolinite,Laumontite,Laurite,Magnetite,Mesolite,Offretite,Opal,Osmium,Pentlandite,Polydymite,Pyrite,Pyrolusite,Pyrrhotite,Quartz,Samaniite,Smythite,Sphalerite,Stibnite,Sugakiite,Taenite,Talc,Thomsonite-Ca,Violarite",53,3.252,6.16,41,1.2419807,0.15,9.31,NA,NA,NA,0.89,NA,NA,NA,g,6.52,0,16.75222,3.72,0.009033625,0,0,0.52,0.001540315789,0.01865142857,5.524147391,0.0001266666667,1.746733248,6.75,5.45,549.192,RU_CA,CR-RV-02-52,whole_rock,NA,CR-RV-02-52,10.89743333,-85.31481667,98.3534515,57.81,0.71,16.68,7.3334515,0.14,3.7,7.11,2.86,1.81,0.2,NA,129.42,477.27,20.56,21.14,69.07,5.45,1.29,21.24,0.67,41.87,3.51,0.38,0.34,1.84,2.21,0.31,4.54,184.25,3.93,5.25,0.78,102.9,3.78,1.09,125.71,2.23,893.38,10.89743333,0.34,1.81,NA,891.7,1.5,-85.31481667,18.18,4.49,39.11,639.1,37.5,1040.1,24.3,160.9,836.6,444.3,1413.3,8.4,1475.1,16.5,83.9,1.5,441.6,cam,4.1,-87.1,51.5,8.4,4.8,102.4,BR2,Perypheral geothermal,calcite,Andesite
CR17BRS1,BR_s,BR,CR17,BRS1.BR170218.1_S38588,CR17BRS1,CR17BRS1,10.89837,-85.32853,437,sediment,Central_America,Costa_Rica,Active volcanic arc,Guanacaste_region,Blue River 1,spring,plate margin,convergent,oceanic-continental subduction,Arc,aerial,951224,felsic,igneous,granite,187362,10.5111111,-85.3175,3.71917272,"Analcime,Awaruite,Bornite,Braunite,Brucite,Calcite,Chalcocite,Chalcopyrite,Chromite,Copper,Covellite,Cowlesite,Cristobalite,Cubanite,Cuprite,Erlichmanite,Galena,Gold,Heazlewoodite,Hematite,Hollandite,Kaolinite,Laumontite,Laurite,Magnetite,Mesolite,Offretite,Opal,Osmium,Pentlandite,Polydymite,Pyrite,Pyrolusite,Pyrrhotite,Quartz,Samaniite,Smythite,Sphalerite,Stibnite,Sugakiite,Taenite,Talc,Thomsonite-Ca,Violarite",59,3.252,6.16,41,1.646881,0.15,9.56,946.9,0.00748,47.54107,0.8,1.71451,0.00046,2.5919,g,6.52,,,,,NA,0,NA,,,,,,,,NA,RU_CA,CR-RV-02-52,whole_rock,NA,CR-RV-02-52,10.89743333,-85.31481667,98.3534515,57.81,0.71,16.68,7.3334515,0.14,3.7,7.11,2.86,1.81,0.2,NA,129.42,477.27,20.56,21.14,69.07,5.45,1.29,21.24,0.67,41.87,3.51,0.38,0.34,1.84,2.21,0.31,4.54,184.25,3.93,5.25,0.78,102.9,3.78,1.09,125.71,2.23,893.38,10.89743333,0.34,1.81,NA,891.7,1.5,-85.31481667,18.18,4.49,39.11,639.1,37.5,1040.1,24.3,160.9,836.6,444.3,1413.3,8.4,1475.1,16.5,83.9,1.5,441.6,cam,4.1,-87.1,51.5,8.4,4.8,102.4,BR1,Perypheral geothermal,calcite,Andesite
CR17BRF1,BR_f,BR,CR17,BRF1.BR170218.1_S38601,CR17BRF1,CR17BRF1,10.89837,-85.32853,437,fluid,Central_America,Costa_Rica,Active volcanic arc,Guanacaste_region,Blue River 2,spring,plate margin,convergent,oceanic-continental subduction,Arc,aerial,951224,felsic,igneous,granite,187362,10.5111111,-85.3175,3.71917272,"Analcime,Awaruite,Bornite,Braunite,Brucite,Calcite,Chalcocite,Chalcopyrite,Chromite,Copper,Covellite,Cowlesite,Cristobalite,Cubanite,Cuprite,Erlichmanite,Galena,Gold,Heazlewoodite,Hematite,Hollandite,Kaolinite,Laumontite,Laurite,Magnetite,Mesolite,Offretite,Opal,Osmium,Pentlandite,Polydymite,Pyrite,Pyrolusite,Pyrrhotite,Quartz,Samaniite,Smythite,Sphalerite,Stibnite,Sugakiite,Taenite,Talc,Thomsonite-Ca,Violarite",59,3.252,6.16,7,1.646881,0.15,9.56,946.9,0.00748,47.54107,0.8,1.71451,0.00046,2.5919,g,6.52,0.02054157895,29.0267707,4.23,0.01753425,0,0,0.52,0.001300210526,0.03108857143,9.281077826,0,3.034424552,11.56,5.85,653.8,RU_CA,CR-RV-02-52,whole_rock,NA,CR-RV-02-52,10.89743333,-85.31481667,98.3534515,57.81,0.71,16.68,7.3334515,0.14,3.7,7.11,2.86,1.81,0.2,NA,129.42,477.27,20.56,21.14,69.07,5.45,1.29,21.24,0.67,41.87,3.51,0.38,0.34,1.84,2.21,0.31,4.54,184.25,3.93,5.25,0.78,102.9,3.78,1.09,125.71,2.23,893.38,10.89743333,0.34,1.81,NA,891.7,1.5,-85.31481667,18.18,4.49,39.11,639.1,37.5,1040.1,24.3,160.9,836.6,444.3,1413.3,8.4,1475.1,16.5,83.9,1.5,441.6,cam,4.1,-87.1,51.5,8.4,4.8,102.4,BR1,Perypheral geothermal,calcite,Andesite
CR17BRS2,BR2_s,BR2,CR17,BRS2.BR170218.2_S38584,CR17BRS2,CR17BRS2,10.89837,-85.32853,434,sediment,Central_America,Costa_Rica,Active volcanic arc,Guanacaste_region,Blue River 2,spring,plate margin,convergent,oceanic-continental subduction,Arc,aerial,951224,felsic,igneous,granite,187362,10.5111111,-85.3175,3.71917272,"Analcime,Awaruite,Bornite,Braunite,Brucite,Calcite,Chalcocite,Chalcopyrite,Chromite,Copper,Covellite,Cowlesite,Cristobalite,Cubanite,Cuprite,Erlichmanite,Galena,Gold,Heazlewoodite,Hematite,Hollandite,Kaolinite,Laumontite,Laurite,Magnetite,Mesolite,Offretite,Opal,Osmium,Pentlandite,Polydymite,Pyrite,Pyrolusite,Pyrrhotite,Quartz,Samaniite,Smythite,Sphalerite,Stibnite,Sugakiite,Taenite,Talc,Thomsonite-Ca,Violarite",53,3.252,6.16,7,1.2419807,0.02,9.31,NA,NA,NA,0.89,NA,NA,NA,g,6.52,,,,,NA,0,NA,,,,,,,,NA,RU_CA,CR-RV-02-52,whole_rock,NA,CR-RV-02-52,10.89743333,-85.31481667,98.3534515,57.81,0.71,16.68,7.3334515,0.14,3.7,7.11,2.86,1.81,0.2,NA,129.42,477.27,20.56,21.14,69.07,5.45,1.29,21.24,0.67,41.87,3.51,0.38,0.34,1.84,2.21,0.31,4.54,184.25,3.93,5.25,0.78,102.9,3.78,1.09,125.71,2.23,893.38,10.89743333,0.34,1.81,NA,891.7,1.5,-85.31481667,18.18,4.49,39.11,639.1,37.5,1040.1,24.3,160.9,836.6,444.3,1413.3,8.4,1475.1,16.5,83.9,1.5,441.6,cam,4.1,-87.1,51.5,8.4,4.8,102.4,BR2,Perypheral geothermal,calcite,Andesite
CR18BSS,BS_s,BS,CR18,BS180407.s_S44236,CR18BSS,NA,8.66645,-82.3491,360,sediment,Central_America,Panama,Cordillera Talamanca,NA,Bajo Mendez Spring,spring,plate margin,convergent,oceanic-continental subduction,Arc,aerial,948780,felsic,igneous,granite,155979,8.63305556,-82.199722,17.0327101,"""Bornite,Chalcopyrite,Copper,Epidote,Magnetite,Malachite,Muscovite,Pyrite,Quartz""",40.9,3.1,9.05,20,0.31,NA,NA,NA,NA,NA,NA,NA,NA,NA,g,0.06,,,,,NA,NA,NA,,,,,,,,NA,EarthChem,M55KH,whole_rock,"IGNEOUS,VOLCANIC,INTERMEDIATE,ADAKITE",M55KH,8.796,-82.474,98.4906168,55.91,0.76,16.44,6.5506168,0.12,5.11,8.1,3.29,1.92,0.29,NA,NA,NA,NA,NA,205.5,NA,1291.24,NA,62.87,117.67,2.2,1.11,0.44,NA,3.49,0.4,33.02,NA,0.15,6.51,27.9,6.34,7.63,47,NA,4.45,1370,0.34,0.44,7.7,NA,NA,2.23,NA,11.26,1.03,126,956.544842,25.65134228,650.275,38.96783631,132.9213704,544.602729,109.8335162,1436.617728,26.37115657,1083.468752,46.18255015,104.9071921,2.042522141,408.0126622,cam,60.66341758,-52.78089142,43.06199646,8.821093559,7.82282114,109.0634842,BS,,Mature deep,Andesite
CR18BSF,BS_f,BS,CR18,BS180407.f_S44254,NA,NA,8.66645,-82.3491,360,fluid,Central_America,Panama,Cordillera Talamanca,NA,Bajo Mendez Spring,spring,plate margin,convergent,oceanic-continental subduction,Arc,aerial,948780,felsic,igneous,granite,155979,8.63305556,-82.199722,17.0327101,"""Bornite,Chalcopyrite,Copper,Epidote,Magnetite,Malachite,Muscovite,Pyrite,Quartz""",40.9,3.1,9.05,20,0.31,NA,NA,NA,NA,NA,NA,NA,NA,NA,w,5.72,NA,NA,NA,NA,NA,NA,NA,NA,0.008,8.527,NA,0.077,0.07,5.24,NA,EarthChem,M55KH,whole_rock,"IGNEOUS,VOLCANIC,INTERMEDIATE,ADAKITE",M55KH,8.796,-82.474,98.4906168,55.91,0.76,16.44,6.5506168,0.12,5.11,8.1,3.29,1.92,0.29,NA,NA,NA,NA,NA,205.5,NA,1291.24,NA,62.87,117.67,2.2,1.11,0.44,NA,3.49,0.4,33.02,NA,0.15,6.51,27.9,6.34,7.63,47,NA,4.45,1370,0.34,0.44,7.7,NA,NA,2.23,NA,11.26,1.03,126,956.544842,25.65134228,650.275,38.96783631,132.9213704,544.602729,109.8335162,1436.617728,26.37115657,1083.468752,46.18255015,104.9071921,2.042522141,408.0126622,cam,60.66341758,-52.78089142,43.06199646,8.821093559,7.82282114,109.0634842,BS,,Mature deep,Andesite
CR18BWF,BW_f,BW,CR18,BW180407.f_S44257,BW,CR18BW,8.66581,-82.34867,362,fluid,Central_America,Panama,Cordillera Talamanca,Bajo Mendez Well,Bajo Mendez Well,spring,plate margin,convergent,oceanic-continental subduction,Arc,aerial,3188281,felsic,igneous,granite,132471,8.36555556,-82.369167,4.99019856,Mesolite,43.2,3.13,9.05,3,NA,NA,0.36,0,0.778643,962.8881,,0.379047,0.006147,28.44511,w,NA,0.00736904044,21.54044322,1.29158859,0.02,NA,NA,NA,NA,0.007,17.099,0.483,0.081,0.07,8.41,NA,EarthChem,M55KH,whole_rock,"IGNEOUS,VOLCANIC,INTERMEDIATE,ADAKITE",M55KH,8.796,-82.474,98.4906168,55.91,0.76,16.44,6.5506168,0.12,5.11,8.1,3.29,1.92,0.29,NA,NA,NA,NA,NA,205.5,NA,1291.24,NA,62.87,117.67,2.2,1.11,0.44,NA,3.49,0.4,33.02,NA,0.15,6.51,27.9,6.34,7.63,47,NA,4.45,1370,0.34,0.44,7.7,NA,NA,2.23,NA,11.26,1.03,126,956.628206639,25.648508711,648.054,39.0328074777,132.907988364,544.534603522,109.790739337,1436.60648692,26.4529433113,1083.38416943,46.2157430461,104.90206719,2.04276645209,407.466149815,cam,60.7086853981,-52.7808914185,43.06199646,8.82109355927,7.82282114029,109.063484192,BW,Deep Chloride-sulfate,Mature deep,Andesite
CR18CHS,CH_s,CH,CR18,CH180410.s_S44250,CR18CHS,NA,8.70508,-80.26919,216,sediment,Central_America,Panama,Panama slab window,Chiguiri Abajo,Chiguiri Abajo,spring,plate margin,convergent,oceanic-continental subduction,Arc,aerial,3188281,felsic,igneous,granite,25585,8.42083333,-80.426944,18.3244195,"Acanthite,Aguilarite,Albite,Alunite,Analcime,Anhydrite,Arsenopyrite,Baryte,Bornite,Calcite,Celadonite,Chalcocite,Chalcopyrite,Clinochlore,Copper,Covellite,Cubanite,Cuprite,Dickite,Digenite,Enargite,Epidote,Galena,Goethite,Gold,Gypsum,Halite,Hematite,Ilmenite,Jarosite,Kaolinite,Laumontite,Magnetite,Malachite,Marcasite,Mesolite,Molybdenite,Montmorillonite,Muscovite,Natroalunite,Natrolite,Opal,Pyrite,Pyrophyllite,Pyrrhotite,Quartz,Rutile,Siderite,Silver,Sphalerite,Tetrahedrite,Titanite,Tridymite",31.1,15.3,7,41,12.93,NA,37.97,984.5248,0.015405,13.16284,NA,0.04528,0.000177,1.874978,g,6.39,,,,,NA,NA,NA,,,,,,,,NA,EarthChem,CG-05-24-06-3B,whole_rock,"IGNEOUS,VOLCANIC,FELSIC,DACITE",CG-05-24-06-3B,8.6244,-80.1193,99.3485611,68.06,0.25,17.5,2.0785611,0.06,1.07,4.13,4.62,1.52,0.06,NA,16,NA,NA,21,NA,37,486.05,NA,16.85,NA,0.86,0.22,0.56,NA,NA,0.14,8.15,NA,0.03,1.88,6.89,4.91,1.76,13,NA,1.43,787,0.07,0.19,2.45,NA,NA,1.17,NA,4.47,0.39,84.7,1059.5,23.7,315.2,40.6,234.3,606.3,295.8,1618.3,17.6,955.4,149,81.9,1.9,203.8,sam,255.7,-5,6.1,5.3,67,111.4,CH,Perypheral geothermal,Mature deep,Rhyolite
CR18CHF,CH_f,CH,CR18,CH180410.f_S44256,NA,NA,8.70508,-80.26919,216,fluid,Central_America,Panama,Panama slab window,Chiguiri Abajo,Chiguiri Abajo,spring,plate margin,convergent,oceanic-continental subduction,Arc,aerial,3188281,felsic,igneous,granite,25585,8.42083333,-80.426944,18.3244195,"Acanthite,Aguilarite,Albite,Alunite,Analcime,Anhydrite,Arsenopyrite,Baryte,Bornite,Calcite,Celadonite,Chalcocite,Chalcopyrite,Clinochlore,Copper,Covellite,Cubanite,Cuprite,Dickite,Digenite,Enargite,Epidote,Galena,Goethite,Gold,Gypsum,Halite,Hematite,Ilmenite,Jarosite,Kaolinite,Laumontite,Magnetite,Malachite,Marcasite,Mesolite,Molybdenite,Montmorillonite,Muscovite,Natroalunite,Natrolite,Opal,Pyrite,Pyrophyllite,Pyrrhotite,Quartz,Rutile,Siderite,Silver,Sphalerite,Tetrahedrite,Titanite,Tridymite",31.1,15.3,7,41,12.93,NA,37.97,984.5248,0.015405,13.16284,NA,0.04528,0.000177,1.874978,g,6.39,0.01245718741,74.9614043,16.87410646,0.07,NA,NA,NA,NA,0.1,72.424,NA,1.599,1.64,2.05,NA,EarthChem,CG-05-24-06-3B,whole_rock,"IGNEOUS,VOLCANIC,FELSIC,DACITE",CG-05-24-06-3B,8.6244,-80.1193,99.3485611,68.06,0.25,17.5,2.0785611,0.06,1.07,4.13,4.62,1.52,0.06,NA,16,NA,NA,21,NA,37,486.05,NA,16.85,NA,0.86,0.22,0.56,NA,NA,0.14,8.15,NA,0.03,1.88,6.89,4.91,1.76,13,NA,1.43,787,0.07,0.19,2.45,NA,NA,1.17,NA,4.47,0.39,84.7,1059.5,23.7,315.2,40.6,234.3,606.3,295.8,1618.3,17.6,955.4,149,81.9,1.9,203.8,sam,255.7,-5,6.1,5.3,67,111.4,CH,Perypheral geothermal,Mature deep,Rhyolite
CR18CIS,CI_s,CI,CR18,CI180408.s_S44274,CR18CIS,NA,7.44104,-81.73277,50,sediment,Central_America,Panama,Panama slab window,Coiba Island,Coiba Island,spring,plate margin,convergent,oceanic-continental subduction,Outer Forearc,aerial,3184392,sedimentary rocks,sedimentary,sedimentary,25584,8.30722222,-81.828611,17.4114968,"Acanthite,Aguilarite,Anhydrite,Arsenopyrite,Baryte,Bornite,Calcite,Celadonite,Chalcocite,Chalcopyrite,Copper,Covellite,Digenite,Epidote,Gold,Gypsum,Hematite,Jarosite,Kaolinite,Magnetite,Malachite,Marcasite,Molybdenite,Montmorillonite,Muscovite,Opal,Pyrite,Pyrophyllite,Pyrrhotite,Quartz,Siderite",48.3,1.11,9,18,NA,NA,0.12,944.5544,0.002026,44.42805,NA,0.082702,0.001723,10.29993,g,1.31,,,,,NA,NA,NA,,,,,,,,NA,EarthChem,DB05-073,whole_rock,"IGNEOUS,VOLCANIC,MAFIC,BASALT",DB05-073,7.49364,-81.1969,97.2138834,49.34,0.99,13.88,10.0238834,0.18,8.18,11.85,2.57,0.13,0.07,NA,NA,NA,NA,111,344,NA,42,NA,6.88,258,3.31,2.13,0.72,NA,2.65,0.72,2.48,NA,0.32,3.02,5.89,0.36,1,1.25,52,1.98,106,NA,0.49,0.2,NA,NA,0.12,NA,19.03,2.29,43.9,1107.7,17.6,41.3,6.3,126.3,419.8,117.3,1405.7,151.9,936.7,10.3,102.8,3.3,103,cam,128.9,-5.8,8.8,5.9,55.5,111,CI,Acidic chloride-sulfate waters,Mature deep,Basalt
CR18CIF,CI_f,CI,CR18,CI180408.f_S44259,NA,NA,7.44104,-81.73277,50,fluid,Central_America,Panama,Panama slab window,Coiba Island,Coiba Island,spring,plate margin,convergent,oceanic-continental subduction,Outer Forearc,aerial,3184392,sedimentary rocks,sedimentary,sedimentary,25584,8.30722222,-81.828611,17.4114968,"Acanthite,Aguilarite,Anhydrite,Arsenopyrite,Baryte,Bornite,Calcite,Celadonite,Chalcocite,Chalcopyrite,Copper,Covellite,Digenite,Epidote,Gold,Gypsum,Hematite,Jarosite,Kaolinite,Magnetite,Malachite,Marcasite,Molybdenite,Montmorillonite,Muscovite,Opal,Pyrite,Pyrophyllite,Pyrrhotite,Quartz,Siderite",48.3,1.11,9,18,NA,NA,0.12,944.5544,0.002026,44.42805,NA,0.082702,0.001723,10.29993,g,1.31,NA,2.311981121,3.506350198,0,NA,NA,NA,NA,0.001,8.761,0.323,0.06,0.26,0.51,NA,EarthChem,DB05-073,whole_rock,"IGNEOUS,VOLCANIC,MAFIC,BASALT",DB05-073,7.49364,-81.1969,97.2138834,49.34,0.99,13.88,10.0238834,0.18,8.18,11.85,2.57,0.13,0.07,NA,NA,NA,NA,111,344,NA,42,NA,6.88,258,3.31,2.13,0.72,NA,2.65,0.72,2.48,NA,0.32,3.02,5.89,0.36,1,1.25,52,1.98,106,NA,0.49,0.2,NA,NA,0.12,NA,19.03,2.29,43.9,1107.7,17.6,41.3,6.3,126.3,419.8,117.3,1405.7,151.9,936.7,10.3,102.8,3.3,103,cam,128.9,-5.8,8.8,5.9,55.5,111,CI,Acidic chloride-sulfate waters,Mature deep,Basalt
CR18CLF,CL_f,CL,CR18,CL180410.f_S44258,NA,NA,8.40448,-80.80375,289,fluid,Central_America,Panama,Panama slab window,Calobre,Calobre,spring,plate margin,convergent,oceanic-continental subduction,Arc,aerial,955913,felsic,igneous,granite,132473,8.83277778,-80.666667,17.062653,"Albite,Arsenopyrite,Bornite,Chalcocite,Chalcopyrite,Copper,Covellite,Cubanite,Cuprite,Epidote,Galena,Goethite,Gold,Hematite,Ilmenite,Kaolinite,Magnetite,Molybdenite,Muscovite,Pyrite,Sphalerite,Tetrahedrite,Titanite",50.9,3.26,7.5,29,0.14,NA,0.74,17.5759,0.498314,963.445,NA,2.517042,0.003924,4.780743,g,8.86,NA,6.932840662,9.98438476,0,NA,NA,NA,NA,0.02,19.358,NA,0.15,0.38,3.99,NA,EarthChem,11-10-88,whole_rock,"IGNEOUS,VOLCANIC,MAFIC,BASALT",11-10-88,8.47,-80.82,99.1276352,74.6,0.32,13.2,1.7276352,0.03,0.45,2.04,3.52,3.18,0.06,0.65,NA,NA,NA,0,NA,NA,1350,NA,35,3,3,1.8,0.76,NA,2.6,0.59,20.1,NA,0.29,12,17.4,NA,NA,92,NA,3.2,284,NA,0.4,4.4,NA,NA,1.6,NA,24,2,101,1057.1,22.8,6.8,41.1,255.8,552.4,229.4,1551.1,7.7,957.8,103.7,87.3,2,396.1,cam,230.9,-33.2,36.8,5.9,55.5,111,CL,Acidic chloride-sulfate waters,Mature deep,Rhyolite
CR18CLS,CL_s,CL,CR18,CL180410.s_S44273,NA,NA,8.40448,-80.80375,289,sediment,Central_America,Panama,Panama slab window,Calobre,Calobre,spring,plate margin,convergent,oceanic-continental subduction,Arc,aerial,955913,felsic,igneous,granite,132473,8.83277778,-80.666667,17.062653,"Albite,Arsenopyrite,Bornite,Chalcocite,Chalcopyrite,Copper,Covellite,Cubanite,Cuprite,Epidote,Galena,Goethite,Gold,Hematite,Ilmenite,Kaolinite,Magnetite,Molybdenite,Muscovite,Pyrite,Sphalerite,Tetrahedrite,Titanite",50.9,3.26,7.5,29,0.14,NA,0.74,17.5759,0.498314,963.445,NA,2.517042,0.003924,4.780743,g,8.86,,,,,NA,NA,NA,,,,,,,,NA,EarthChem,11-10-88,whole_rock,"IGNEOUS,VOLCANIC,MAFIC,BASALT",11-10-88,8.47,-80.82,99.1276352,74.6,0.32,13.2,1.7276352,0.03,0.45,2.04,3.52,3.18,0.06,0.65,NA,NA,NA,0,NA,NA,1350,NA,35,3,3,1.8,0.76,NA,2.6,0.59,20.1,NA,0.29,12,17.4,NA,NA,92,NA,3.2,284,NA,0.4,4.4,NA,NA,1.6,NA,24,2,101,1057.1,22.8,6.8,41.1,255.8,552.4,229.4,1551.1,7.7,957.8,103.7,87.3,2,396.1,cam,230.9,-33.2,36.8,5.9,55.5,111,CL,Acidic chloride-sulfate waters,Mature deep,Rhyolite
CR18CVS,CV_s,CV,CR18,CV180410.s_S44253,CR18CVS,NA,8.5992,-80.13162,639,sediment,Central_America,Panama,Panama slab window,Casa Valmor,Casa Valmor,spring,plate margin,convergent,oceanic-continental subduction,Arc,aerial,3188281,felsic,igneous,granite,25585,8.42083333,-80.426944,33.0088504,"Acanthite,Aguilarite,Albite,Alunite,Analcime,Anhydrite,Arsenopyrite,Baryte,Bornite,Calcite,Celadonite,Chalcocite,Chalcopyrite,Clinochlore,Copper,Covellite,Cubanite,Cuprite,Dickite,Digenite,Enargite,Epidote,Galena,Goethite,Gold,Gypsum,Halite,Hematite,Ilmenite,Jarosite,Kaolinite,Laumontite,Magnetite,Malachite,Marcasite,Mesolite,Molybdenite,Montmorillonite,Muscovite,Natroalunite,Natrolite,Opal,Pyrite,Pyrophyllite,Pyrrhotite,Quartz,Rutile,Siderite,Silver,Sphalerite,Tetrahedrite,Titanite,Tridymite",34.9,3.75,7.46,14,NA,NA,0.89,924.5868,0.017625,73.03545,NA,0.018978,0.003797,0.68683,w,8.37,,,,,NA,NA,NA,,,,,,,,NA,EarthChem,CG-05-24-06-3B,whole_rock,"IGNEOUS,VOLCANIC,FELSIC,DACITE",CG-05-24-06-3B,8.6244,-80.1193,99.3485611,68.06,0.25,17.5,2.0785611,0.06,1.07,4.13,4.62,1.52,0.06,NA,16,NA,NA,21,NA,37,486.05,NA,16.85,NA,0.86,0.22,0.56,NA,NA,0.14,8.15,NA,0.03,1.88,6.89,4.91,1.76,13,NA,1.43,787,0.07,0.19,2.45,NA,NA,1.17,NA,4.47,0.39,84.7,1077.6,23.3,157.4,30.8,215.2,602.6,306.4,1623.8,5.7,937.8,145.8,80.6,2,603.2,sam,236.7,-5,6.1,5.3,67,111.4,CV,Deep Chloride-sulfate,Mature deep,Rhyolite
CR18CVF,CV_f,CV,CR18,CV180410.f_S44261,NA,NA,8.5992,-80.13162,639,fluid,Central_America,Panama,Panama slab window,Casa Valmor,Casa Valmor,spring,plate margin,convergent,oceanic-continental subduction,Arc,aerial,3188281,felsic,igneous,granite,25585,8.42083333,-80.426944,33.0088504,"Acanthite,Aguilarite,Albite,Alunite,Analcime,Anhydrite,Arsenopyrite,Baryte,Bornite,Calcite,Celadonite,Chalcocite,Chalcopyrite,Clinochlore,Copper,Covellite,Cubanite,Cuprite,Dickite,Digenite,Enargite,Epidote,Galena,Goethite,Gold,Gypsum,Halite,Hematite,Ilmenite,Jarosite,Kaolinite,Laumontite,Magnetite,Malachite,Marcasite,Mesolite,Molybdenite,Montmorillonite,Muscovite,Natroalunite,Natrolite,Opal,Pyrite,Pyrophyllite,Pyrrhotite,Quartz,Rutile,Siderite,Silver,Sphalerite,Tetrahedrite,Titanite,Tridymite",34.9,3.75,7.46,14,NA,NA,0.89,924.5868,0.017625,73.03545,NA,0.018978,0.003797,0.68683,w,8.37,NA,21.9334518,0.1913040461,0.02,NA,NA,NA,NA,0.024,15.049,0.756,0.166,2.43,0.58,NA,EarthChem,CG-05-24-06-3B,whole_rock,"IGNEOUS,VOLCANIC,FELSIC,DACITE",CG-05-24-06-3B,8.6244,-80.1193,99.3485611,68.06,0.25,17.5,2.0785611,0.06,1.07,4.13,4.62,1.52,0.06,NA,16,NA,NA,21,NA,37,486.05,NA,16.85,NA,0.86,0.22,0.56,NA,NA,0.14,8.15,NA,0.03,1.88,6.89,4.91,1.76,13,NA,1.43,787,0.07,0.19,2.45,NA,NA,1.17,NA,4.47,0.39,84.7,1077.6,23.3,157.4,30.8,215.2,602.6,306.4,1623.8,5.7,937.8,145.8,80.6,2,603.2,sam,236.7,-5,6.1,5.3,67,111.4,CV,Deep Chloride-sulfate,Mature deep,Rhyolite
CR18CWS,CW_s,CW,CR18,CW180415.s_S44248,CR18CWS,NA,9.735746,-82.825737,8,sediment,Central_America,Costa_Rica,Active volcanic backarc,Cauhita Well,Cauhita Well,spring,plate margin,convergent,oceanic-continental subduction,Backarc,aerial,968071,sedimentary,sedimentary,sedimentary,206331,9.36916667,-82.976389,17.4926678,"Alunite,Baryte,Bornite,Chalcocite,Chalcopyrite,Epidote,Galena,Gold,Kaolinite,Muscovite,Pyrite,Sphalerite",NA,NA,NA,NA,14.8,NA,NA,54.4464,0.01038,99.20419,NA,833.6346,0.016194,10.98285,g,2.1,,,,,NA,NA,NA,,,,,,,,NA,EarthChem,M44KH,whole_rock,"IGNEOUS,VOLCANIC,INTERMEDIATE,ADAKITE",M44KH,9.669,-82.621,98.4636035,54.91,0.73,15.77,6.6136035,0.11,7.04,8.2,3.19,1.61,0.29,NA,NA,NA,NA,NA,185.04,NA,NA,NA,43.82,237.01,2,0.98,0.65,NA,2.99,0.36,23.5,NA,0.13,6.78,19.85,5.68,5.35,30,NA,3.55,1120,0.36,0.39,4.15,NA,NA,1.35,NA,10.02,0.9,91,827.273664,30.06499114,2923.84,62.7042573,202.4336561,662.5018013,217.016047,1480.57998,104.9572002,1208.033901,27.46251443,99.40435094,1.723854834,-6.661390968,cam,8.864383101,-142.9846802,52.2225647,8.71883297,7.915157318,107.4337692,CW,Perypheral geothermal,Mature deep,Andesite
CR18CWF,CW_f,CW,CR18,CW180415.f_S44267,NA,NA,9.735746,-82.825737,8,fluid,Central_America,Costa_Rica,Active volcanic backarc,Cauhita Well,Cauhita Well,spring,plate margin,convergent,oceanic-continental subduction,Backarc,aerial,968071,sedimentary,sedimentary,sedimentary,206331,9.36916667,-82.976389,17.4926678,"Alunite,Baryte,Bornite,Chalcocite,Chalcopyrite,Epidote,Galena,Gold,Kaolinite,Muscovite,Pyrite,Sphalerite",NA,NA,NA,NA,14.8,NA,NA,54.4464,0.01038,99.20419,NA,833.6346,0.016194,10.98285,g,2.1,0.005614507002,40.00122228,0.1530987577,0.12,NA,NA,NA,NA,0.03535533906,45.205,0.453,0.19,0.6,0.74,NA,EarthChem,M44KH,whole_rock,"IGNEOUS,VOLCANIC,INTERMEDIATE,ADAKITE",M44KH,9.669,-82.621,98.4636035,54.91,0.73,15.77,6.6136035,0.11,7.04,8.2,3.19,1.61,0.29,NA,NA,NA,NA,NA,185.04,NA,NA,NA,43.82,237.01,2,0.98,0.65,NA,2.99,0.36,23.5,NA,0.13,6.78,19.85,5.68,5.35,30,NA,3.55,1120,0.36,0.39,4.15,NA,NA,1.35,NA,10.02,0.9,91,827.273664,30.06499114,2923.84,62.7042573,202.4336561,662.5018013,217.016047,1480.57998,104.9572002,1208.033901,27.46251443,99.40435094,1.723854834,-6.661390968,cam,8.864383101,-142.9846802,52.2225647,8.71883297,7.915157318,107.4337692,CW,Perypheral geothermal,Mature deep,Andesite
CR17CYF,CY_f,CY,CR17,CYF.CY170214_S38571,NA,CR17CYF,10.287497,-84.955524,184,fluid,Central_America,Costa_Rica,Active volcanic arc,Guanacaste_region,Rio Cayuco,spring,plate margin,convergent,oceanic-continental subduction,Forearc,aerial,948789,felsic,igneous,granite,215165,10.3066667,-84.940278,1.70566277,"Galena,Gold,Hematite,Pyrite,Quartz,Sphalerite,Stibnite",72,3.151,6.31,26.7,0.2467956,0.04,5.24,994.9,0,3.90521,1.82,0.0018,0.00139,1.11783,g,0.59,0.1539073684,15.43938394,4.42,0.005762,0,0.03620548387,19.14,0.00181,0.1397042857,18.30385261,0.09306666667,0.8131575448,0.97,3.41,326.9,EarthChem,BOMB_80_7,whole_rock,"IGNEOUS,VOLCANIC,INTERMEDIATE,ANDESITE",BOMB_80_7,10.467,-84.733,99.91,53.3,0.65,18.77,8.6,0.18,5.58,9.54,2.68,0.43,0.18,NA,90.594,25.594,0.73,30.028,164.937,79.568,351.962,NA,18.655,53.062,2.74,1.612,0.98,NA,2.978,0.563,8.121,6.385,0.245,2.484,11.491,2.004,2.635,6.821,25.149,2.946,587.913,0.147,0.46,0.599,NA,0.023,0.232,0.169,16.125,1.574,38.523,710,38.2,55.3,35.7,139,759.7,366.3,1379.4,34.1,1396.6,23.2,85.6,1.7,298,cam,4.3,-59,39.2,8.5,8.1,104.1,CY,Perypheral geothermal,Mature deep,Basaltic Andesite
CR17CYS,CY_s,CY,CR17,CYS.CY170214_S38579,CR17CYS,CR17CYS,10.287497,-84.955524,184,sediment,Central_America,Costa_Rica,Active volcanic arc,Guanacaste_region,Rio Cayuco,spring,plate margin,convergent,oceanic-continental subduction,Forearc,aerial,948789,felsic,igneous,granite,215165,10.3066667,-84.940278,1.70566277,"Galena,Gold,Hematite,Pyrite,Quartz,Sphalerite,Stibnite",72,3.151,6.31,26.7,0.2467956,0.04,5.24,994.9,0,3.90521,1.82,0.0018,0.00139,1.11783,g,0.59,,,,,NA,0.03620548387,NA,,,,,,,,NA,EarthChem,BOMB_80_7,whole_rock,"IGNEOUS,VOLCANIC,INTERMEDIATE,ANDESITE",BOMB_80_7,10.467,-84.733,99.91,53.3,0.65,18.77,8.6,0.18,5.58,9.54,2.68,0.43,0.18,NA,90.594,25.594,0.73,30.028,164.937,79.568,351.962,NA,18.655,53.062,2.74,1.612,0.98,NA,2.978,0.563,8.121,6.385,0.245,2.484,11.491,2.004,2.635,6.821,25.149,2.946,587.913,0.147,0.46,0.599,NA,0.023,0.232,0.169,16.125,1.574,38.523,710,38.2,55.3,35.7,139,759.7,366.3,1379.4,34.1,1396.6,23.2,85.6,1.7,298,cam,4.3,-59,39.2,8.5,8.1,104.1,CY,Perypheral geothermal,Mature deep,Basaltic Andesite
CR18CZS,CZ_s,CZ,CR18,CZ180409.s_S44289,CR18CZS,NA,7.71407,-81.28832,60,sediment,Central_America,Panama,Panama slab window,NA,Salitral Carrizal,spring,plate margin,convergent,oceanic-continental subduction,Outer Forearc,aerial,948780,felsic,igneous,granite,265541,7.58472222,-80.586389,78.82789988,"""Dickite,Gold,Kaolinite,Muscovite,Pyrite""",26.3,0.22,10,11,0.64,NA,0.86,937.6431,0,55.43739,NA,0.031349,0,4.881951,w,NA,,,,,NA,NA,NA,,,,,,,,NA,EarthChem,G54,whole_rock,"IGNEOUS,VOLCANIC,MAFIC, THOLEIITE",G54,7.6517,-81.2157,97.723,47.74,1.66,13.33,12.94,0.2,7.19,11.36,3.08,0.09,0.133,1.66,221,49,NA,83,346,87,42,NA,14.302,164,5.341,3.072,1.279,22,4.574,NA,5.812,NA,0.441,16,10.755,0.29,2.171,0.634,NA,3.533,129,0.386,0.811,0.491,NA,NA,0.158,NA,36,3.011,92,1100.077986,19.19680179,2.07516,12.81799677,179.260717,462.3842923,165.4076671,1463.2008,98.25700556,927.7754206,31.52958915,94.15304401,2.356378592,55.691126,cam,177.808136,-8.257261276,13.01716805,5.266517639,66.98139191,111.391571,CZ,Alkaline soda springs,Mature deep,Basalt
CR18CZF,CZ_f,CZ,CR18,CZ180409.f_S44260,NA,NA,7.71407,-81.28832,60,fluid,Central_America,Panama,Panama slab window,NA,Salitral Carrizal,spring,plate margin,convergent,oceanic-continental subduction,Outer Forearc,aerial,948780,felsic,igneous,granite,265541,7.58472222,-80.586389,78.82789988,"""Dickite,Gold,Kaolinite,Muscovite,Pyrite""",26.3,0.22,10,11,0.64,NA,0.86,937.6431,0,55.43739,NA,0.031349,0,4.881951,w,NA,0.1035174728,0.03469381999,0.09053369422,0,NA,NA,NA,NA,0.03535533906,3.361,0.075,0.055,0.27,0.78,NA,EarthChem,G54,whole_rock,"IGNEOUS,VOLCANIC,MAFIC, THOLEIITE",G54,7.6517,-81.2157,97.723,47.74,1.66,13.33,12.94,0.2,7.19,11.36,3.08,0.09,0.133,1.66,221,49,NA,83,346,87,42,NA,14.302,164,5.341,3.072,1.279,22,4.574,NA,5.812,NA,0.441,16,10.755,0.29,2.171,0.634,NA,3.533,129,0.386,0.811,0.491,NA,NA,0.158,NA,36,3.011,92,1100.077986,19.19680179,2.07516,12.81799677,179.260717,462.3842923,165.4076671,1463.2008,98.25700556,927.7754206,31.52958915,94.15304401,2.356378592,55.691126,cam,177.808136,-8.257261276,13.01716805,5.266517639,66.98139191,111.391571,CZ,Alkaline soda springs,Mature deep,Basalt
CR17DSF,DS_s,DS,,DS170420.f_S44276,,,,,,,,,,,,,,,,,,,,,,,,,,,,,,,,,,,,,,,,,,,,,,,,,,,,,,,,,,,,,,,,,,,,,,,,,,,,,,,,,,,,,,,,,,,,,,,,,,,,,,,,,,,,,,,,,,,,,,,,,,,,,,,,,,,,,,,,,,
CR17EPF,EP_f,EP,CR17,EPF.EP170215_S38586,NA,CR17EPF,9.901885,-85.454327,126,fluid,Central_America,Costa_Rica,Costa Rica outer forearc,Nicoya,Espabel,spring,plate margin,convergent,oceanic-continental subduction,Outer Forearc,aerial,3186035,mafic,igneous,basalt,246312,10.0077778,-85.470833,2.05826641,"Awaruite,Bornite,Brucite,Calcite,Chalcocite,Chalcopyrite,Chromite,Copper,Covellite,Cubanite,Cuprite,Erlichmanite,Heazlewoodite,Laurite,Magnetite,Osmium,Pentlandite,Polydymite,Pyrite,Pyrrhotite,Samaniite,Smythite,Sugakiite,Taenite,Talc,Violarite",26,0.097,9.99,4,3.1,0.06,0.55,0,0,942.35128,0.22,3.82052,0.08637,29.17423,w,NA,0.005211578947,0.2339501408,0.03,0,0,0.04682032258,0.08,0.0005838947368,0.0005971428571,1.248731739,0.001283888889,0.03935780051,0.49,0.48,0,EarthChem,CA-021106-7,WHOLE ROCK,"IGNEOUS, VOLCANIC, INTERMEDIATE, ANDESITE",CA-021106-7,9.8589,-84.3813,98.09,48.58,0.85,19.23,9.717948,0.2,4.67,9.9,2.6,0.94,0.32,NA,152,NA,NA,29,239.37,70,837.84,NA,30.13,89,2.81,1.67,1.19,NA,3.53,0.52,17.13,NA,0.26,1.92,16.94,3.02,3.92,12,NA,3.65,883,0.09,0.48,4.69,NA,891.7,0.86,NA,17.89,1.69,51.09,748.5287548,32.57550585,108.673,18.65801439,72.51864982,738.277275,376.1920608,1313.282586,98.04072799,1397.409436,19.80781401,84.60213392,2.45463902,232.4189459,cam,4.1170412,-23.09407234,20.63993263,8.452852249,4.722378254,103.303894,EP,Alkaline soda springs,Mature deep,Basalt
CR17EPS,EP_s,EP,CR17,EPS.EP170215_S38600,CR17EPS,CR17EPS,9.901885,-85.454327,126,sediment,Central_America,Costa_Rica,Costa Rica outer forearc,Nicoya,Espabel,spring,plate margin,convergent,oceanic-continental subduction,Outer Forearc,aerial,3186035,mafic,igneous,basalt,246312,10.0077778,-85.470833,2.05826641,"Awaruite,Bornite,Brucite,Calcite,Chalcocite,Chalcopyrite,Chromite,Copper,Covellite,Cubanite,Cuprite,Erlichmanite,Heazlewoodite,Laurite,Magnetite,Osmium,Pentlandite,Polydymite,Pyrite,Pyrrhotite,Samaniite,Smythite,Sugakiite,Taenite,Talc,Violarite",26,0.097,9.99,4,3.1,0.06,0.55,0,0,942.35128,0.22,3.82052,0.08637,29.17423,w,NA,,,,,NA,0.04682032258,NA,,,,,,,,NA,EarthChem,CA-021106-7,WHOLE ROCK,"IGNEOUS, VOLCANIC, INTERMEDIATE, ANDESITE",CA-021106-7,9.8589,-84.3813,98.09,48.58,0.85,19.23,9.717948,0.2,4.67,9.9,2.6,0.94,0.32,NA,152,NA,NA,29,239.37,70,837.84,NA,30.13,89,2.81,1.67,1.19,NA,3.53,0.52,17.13,NA,0.26,1.92,16.94,3.02,3.92,12,NA,3.65,883,0.09,0.48,4.69,NA,891.7,0.86,NA,17.89,1.69,51.09,748.5287548,32.57550585,108.673,18.65801439,72.51864982,738.277275,376.1920608,1313.282586,98.04072799,1397.409436,19.80781401,84.60213392,2.45463902,232.4189459,cam,4.1170412,-23.09407234,20.63993263,8.452852249,4.722378254,103.303894,EP,Alkaline soda springs,Mature deep,Basalt
CR18ERS,ER_s,ER,CR18,ER180415.s_S44249,CR18ERS,NA,9.938223,-83.161331,89,sediment,Central_America,Costa_Rica,Active volcanic backarc,Rio Blanco Er Resbala,Rio Blanco Er Resbala,spring,plate margin,convergent,oceanic-continental subduction,Backarc,aerial,3190790,unclassified volcanic rocks,igneous,igneous_uncl,187365,9.70888889,-83.234722,8.70168232,"Actinolite,Alunite,Analcime,Baryte,Bornite,Calcite,Chalcocite,Chalcopyrite,Chrysocolla,Epidote,Galena,Gold,Gypsum,Hematite,Kaolinite,Magnetite,Malachite,Mesolite,Molybdenite,Muscovite,Natrolite,Offretite,Prehnite,Pyrite,Sphalerite,Thomsonite-Ca",NA,NA,NA,NA,1.39,NA,NA,0,0.4128,774.0281,NA,0.258579,0.081044,215.4285,w,6.5,,,,,NA,NA,NA,,,,,,,,NA,EarthChem,QS-011107-1,whole_rock,"IGNEOUS,VOLCANIC,MAFIC,BASALT",QS-011107-1,9.9849,-83.2187,96.7250373,44.91,1.73,15.01,9.2950373,0.17,10.58,10.28,2.51,1.6,0.64,NA,NA,NA,NA,NA,224.03,NA,623.96,NA,81.74,353.66,4.98,2.39,2.41,NA,7.36,0.87,45.74,NA,0.34,32.8,39.71,2.67,9.61,31,NA,7.92,965,2.03,0.95,4.87,NA,NA,1.55,NA,27.24,2.28,203,793.2086316,32.21002653,2324.04,31.19617281,195.5160683,687.0174298,242.8965627,1471.822008,67.10235613,1248.625658,30.02506752,96.78608745,1.684815539,192.4301828,cam,5.441083064,-149.1234741,56.15724945,8.666784287,7.962999344,106.6104584,ER,,Mature deep,Picro Basalt
CR18ERF,ER_f,ER,CR18,ER180415.f_S44264,NA,NA,9.938223,-83.161331,89,fluid,Central_America,Costa_Rica,Active volcanic backarc,Rio Blanco Er Resbala,Rio Blanco Er Resbala,spring,plate margin,convergent,oceanic-continental subduction,Backarc,aerial,3190790,unclassified volcanic rocks,igneous,igneous_uncl,187365,9.70888889,-83.234722,8.70168232,"Actinolite,Alunite,Analcime,Baryte,Bornite,Calcite,Chalcocite,Chalcopyrite,Chrysocolla,Epidote,Galena,Gold,Gypsum,Hematite,Kaolinite,Magnetite,Malachite,Mesolite,Molybdenite,Muscovite,Natrolite,Offretite,Prehnite,Pyrite,Sphalerite,Thomsonite-Ca",NA,NA,NA,NA,1.39,NA,NA,0,0.4128,774.0281,NA,0.258579,0.081044,215.4285,w,6.5,0.1093074332,12.52296468,0.4256367548,0.01,NA,NA,NA,NA,0.004,7.929,0.15,0.07,0.38,1.46,NA,EarthChem,QS-011107-1,whole_rock,"IGNEOUS,VOLCANIC,MAFIC,BASALT",QS-011107-1,9.9849,-83.2187,96.7250373,44.91,1.73,15.01,9.2950373,0.17,10.58,10.28,2.51,1.6,0.64,NA,NA,NA,NA,NA,224.03,NA,623.96,NA,81.74,353.66,4.98,2.39,2.41,NA,7.36,0.87,45.74,NA,0.34,32.8,39.71,2.67,9.61,31,NA,7.92,965,2.03,0.95,4.87,NA,NA,1.55,NA,27.24,2.28,203,793.2086316,32.21002653,2324.04,31.19617281,195.5160683,687.0174298,242.8965627,1471.822008,67.10235613,1248.625658,30.02506752,96.78608745,1.684815539,192.4301828,cam,5.441083064,-149.1234741,56.15724945,8.666784287,7.962999344,106.6104584,ER,,Mature deep,Picro Basalt
CR17ESF9,ES_f,ES,CR17,ESF9.ES.F9_S38599,CR17ESF9,CR17ESF9,9.899005,-85.453514,122,fluid,Central_America,Costa_Rica,Costa Rica outer forearc,Nicoya,Estrada,spring,plate margin,convergent,oceanic-continental subduction,Outer Forearc,aerial,3186035,mafic,igneous,basalt,246312,10.0077778,-85.470833,2.1504617,"Awaruite,Bornite,Brucite,Calcite,Chalcocite,Chalcopyrite,Chromite,Copper,Covellite,Cubanite,Cuprite,Erlichmanite,Heazlewoodite,Laurite,Magnetite,Osmium,Pentlandite,Polydymite,Pyrite,Pyrrhotite,Samaniite,Smythite,Sugakiite,Taenite,Talc,Violarite",27,0.11,9.75,48.3,NA,NA,1.14,NA,NA,NA,1.57,NA,NA,NA,w,NA,0.01101684211,1.06332,0.16,0.00053175,NA,0.08072983871,0.28,0.0007451578947,0.0002214285714,2.292455652,0.5920227778,0.1396800512,0.04,0.31,0,EarthChem,CA-021106-7,WHOLE ROCK,"IGNEOUS, VOLCANIC, INTERMEDIATE, ANDESITE",CA-021106-7,9.8589,-84.3813,98.09,48.58,0.85,19.23,9.717948,0.2,4.67,9.9,2.6,0.94,0.32,NA,152,NA,NA,29,239.37,70,837.84,NA,30.13,89,2.81,1.67,1.19,NA,3.53,0.52,17.13,NA,0.26,1.92,16.94,3.02,3.92,12,NA,3.65,883,0.09,0.48,4.69,NA,891.7,0.86,NA,17.89,1.69,51.09,748.8502459,32.55998034,108.652,18.54635279,72.31788119,737.9488892,375.9240284,1313.067895,98.27861021,1397.108315,20.0411135,84.68998245,2.457090309,212.7793861,cam,4.113935649,-23.09407234,20.63993263,8.452852249,4.722378254,103.303894,ES,Alkaline soda springs,Mature deep,Basalt
CR17ETS,ET_s,ET,CR17,ETS.ET170220_S38570,CR17ETS,CR17ETS,10.484006,-84.675853,368,sediment,Central_America,Costa_Rica,Active volcanic arc,Guanacaste_region,Eco Thermales,spring,plate margin,convergent,oceanic-continental subduction,Arc,aerial,951224,felsic,igneous,granite,285909,9.86666667,-84.7,6.89906506,"Calcite,Thomsonite-Ca",40,0.97,6.04,13.4,1.0475886,0.16,NA,NA,NA,NA,NA,NA,NA,NA,g,NA,,,,,NA,0.05326258065,NA,,,,,,,,NA,EarthChem,BOMB_80_7,whole_rock,"IGNEOUS,VOLCANIC,INTERMEDIATE,ANDESITE",BOMB_80_7,10.467,-84.733,99.91,53.3,0.65,18.77,8.6,0.18,5.58,9.54,2.68,0.43,0.18,NA,90.594,25.594,0.73,30.028,164.937,79.568,351.962,NA,18.655,53.062,2.74,1.612,0.98,NA,2.978,0.563,8.121,6.385,0.245,2.484,11.491,2.004,2.635,6.821,25.149,2.946,587.913,0.147,0.46,0.599,NA,0.023,0.232,0.169,16.125,1.574,38.523,692.6,40.1,12.2,58.4,172.5,772.1,364.7,1414.8,4.5,1395.9,23.5,87.1,1.6,441.4,cam,3.2,-97.9,56.3,8.5,8.1,104.1,ET,,calcite,Basaltic Andesite
CR17ETF,ET_f,ET,CR17,ETF.ET170220_S38585,NA,NA,10.484006,-84.675853,368,fluid,Central_America,Costa_Rica,Active volcanic arc,Guanacaste_region,Eco Thermales,spring,plate margin,convergent,oceanic-continental subduction,Arc,aerial,951224,felsic,igneous,granite,285909,9.86666667,-84.7,6.89906506,"Calcite,Thomsonite-Ca",40,0.97,6.04,13.4,1.0475886,0.16,NA,NA,NA,NA,NA,NA,NA,NA,g,NA,0,8.156303099,1.55,0.002444875,NA,0.05326258065,NA,0.003135263158,0.01258857143,4.294620435,0,0.65172711,3.64,1.75,NA,EarthChem,BOMB_80_7,whole_rock,"IGNEOUS,VOLCANIC,INTERMEDIATE,ANDESITE",BOMB_80_7,10.467,-84.733,99.91,53.3,0.65,18.77,8.6,0.18,5.58,9.54,2.68,0.43,0.18,NA,90.594,25.594,0.73,30.028,164.937,79.568,351.962,NA,18.655,53.062,2.74,1.612,0.98,NA,2.978,0.563,8.121,6.385,0.245,2.484,11.491,2.004,2.635,6.821,25.149,2.946,587.913,0.147,0.46,0.599,NA,0.023,0.232,0.169,16.125,1.574,38.523,692.6,40.1,12.2,58.4,172.5,772.1,364.7,1414.8,4.5,1395.9,23.5,87.1,1.6,441.4,cam,3.2,-97.9,56.3,8.5,8.1,104.1,ET,,calcite,Basaltic Andesite
CR17FAF,FA_f,FA,CR17,FAF.FA170219_S38577,NA,NA,10.336843,-85.069499,109,fluid,Central_America,Costa_Rica,Active volcanic arc,Guanacaste_region,Finca Ande,spring,plate margin,convergent,oceanic-continental subduction,Forearc,aerial,951224,felsic,igneous,granite,215177,10.465,-85.050556,2.43779179,"Cristobalite,Kaolinite,Opal,Quartz",55,2.966,5.93,10.3,1.227636,0.19,14.22,995.1,0.00031,4.51895,0.98,0.01853,0.0014,0.25019,g,4.36,0.01929105263,20.36802141,6.19,0.007893375,0,0.02576387097,NA,0.002933684211,0.2528128571,25.03894217,3.566246111,1.669922762,1.67,2.66,NA,EarthChem,BOMB_80_7,whole_rock,"IGNEOUS,VOLCANIC,INTERMEDIATE,ANDESITE",BOMB_80_7,10.467,-84.733,99.91,53.3,0.65,18.77,8.6,0.18,5.58,9.54,2.68,0.43,0.18,NA,90.594,25.594,0.73,30.028,164.937,79.568,351.962,NA,18.655,53.062,2.74,1.612,0.98,NA,2.978,0.563,8.121,6.385,0.245,2.484,11.491,2.004,2.635,6.821,25.149,2.946,587.913,0.147,0.46,0.599,NA,0.023,0.232,0.169,16.125,1.574,38.523,703.3,37.8,64.5,24.6,136.2,768.7,378.6,1376.8,37.5,1408.5,15.8,84.4,1.7,102,cam,5.6,-57.5,37.8,8.5,4.7,103.3,FA,Perypheral geothermal,Mature deep,Basaltic Andesite
CR17FAS,FA_s,FA,CR17,FAS.FA170219_S38595,CR17FAS,CR17FAS,10.336843,-85.069499,109,sediment,Central_America,Costa_Rica,Active volcanic arc,Guanacaste_region,Finca Ande,spring,plate margin,convergent,oceanic-continental subduction,Forearc,aerial,951224,felsic,igneous,granite,215177,10.465,-85.050556,2.43779179,"Cristobalite,Kaolinite,Opal,Quartz",55,2.966,5.93,10.3,1.227636,NA,14.22,995.1,0.00031,4.51895,0.98,0.01853,0.0014,0.25019,g,4.36,,,,,NA,0.02576387097,NA,,,,,,,,NA,EarthChem,BOMB_80_7,whole_rock,"IGNEOUS,VOLCANIC,INTERMEDIATE,ANDESITE",BOMB_80_7,10.467,-84.733,99.91,53.3,0.65,18.77,8.6,0.18,5.58,9.54,2.68,0.43,0.18,NA,90.594,25.594,0.73,30.028,164.937,79.568,351.962,NA,18.655,53.062,2.74,1.612,0.98,NA,2.978,0.563,8.121,6.385,0.245,2.484,11.491,2.004,2.635,6.821,25.149,2.946,587.913,0.147,0.46,0.599,NA,0.023,0.232,0.169,16.125,1.574,38.523,703.3,37.8,64.5,24.6,136.2,768.7,378.6,1376.8,37.5,1408.5,15.8,84.4,1.7,102,cam,5.6,-57.5,37.8,8.5,4.7,103.3,FA,Perypheral geothermal,Mature deep,Basaltic Andesite
CR18GES,GE_s,GE,CR18,GE180403.s_S44229,CR18GES,NA,9.19483333,-83.280806,456,sediment,Central_America,Costa_Rica,Cordillera Talamanca,Gevi,Gevi,spring,plate margin,convergent,oceanic-continental subduction,Forearc,aerial,3193086,intrusive igneous rocks,igneous,igneous_uncl,187365,9.70888889,-83.234722,8.4434671,"Actinolite,Alunite,Analcime,Baryte,Bornite,Calcite,Chalcocite,Chalcopyrite,Chrysocolla,Epidote,Galena,Gold,Gypsum,Hematite,Kaolinite,Magnetite,Malachite,Mesolite,Molybdenite,Muscovite,Natrolite,Offretite,Prehnite,Pyrite,Sphalerite,Thomsonite-Ca",35.8,0.45,7.8,85,0.48,NA,1.22,918.7167,0,53.15,1.19,0,0,26.48606,w,NA,0.009299027222,1.076166568,1.158477341,0,NA,NA,NA,NA,0.03535533906,77.71,21.448,1.614,6.94,2.03,NA,EarthChem,TC-3,whole_rock,"IGNEOUS,VOLCANIC,INTERMEDIATE,ADAKITE",TC-3,9.0907,-83.2715,96.7221076,49.73,0.9,17.84,8.9621076,0.19,4.52,9.55,2.83,1.8,0.4,NA,NA,NA,NA,NA,275.37,NA,802.24,NA,50.1,19.9,3.41,1.71,1.57,NA,4.64,0.63,23.69,NA,0.24,5.15,26.42,3.64,6.56,38,NA,5.33,1177,0.22,0.62,3.13,NA,NA,1.2,NA,18.12,1.6,100,866.9100943,29.82916283,850.658,41.22670932,125.1658891,605.86616,166.3115859,1402.824237,92.05107847,1191.639235,18.25339813,112.0007578,1.896369218,544.1591454,cam,2.185411215,-67.97796631,40.57641602,8.71883297,7.915157318,107.4337692,GE,Perypheral geothermal,Mature deep,Basalt
CR18HAF,HA_f,HA,CR18,HA180403.f_S44263,NA,NA,9.36022,-83.91664,118,fluid,Central_America,Costa_Rica,Cordillera Talamanca,Hattillo,Hattillo,spring,plate margin,convergent,oceanic-continental subduction,Forearc,aerial,3188281,felsic,igneous,granite,17972,9.8,-84.100278,21.0477619,"Calcite,Epidote,Laumontite,Thomsonite-Ca",33,4.97,8.9,26,NA,NA,0.12,31.24441,0.41874,930.0755,NA,0.30934,0.074795,31.21302,g,1.67,0.05281145649,27.37840709,9.876153793,0.02,NA,NA,NA,NA,0.008,20.425,0.251,0.237,1.34,7.12,NA,EarthChem,P08317,whole_rock,"IGNEOUS, VOLCANIC, UNKNOWN, NOT-GIVEN",P08317,10.2,-84.217,96.24,49.1,1.05,15.52,9.47,0.15,7.11,9.44,2.46,1.52,0.42,NA,490,NA,NA,27,450.28,68,310.55,NA,14.28,99,3.4,2.01,1.03,NA,3.26,0.67,7.47,NA,0.31,1.55,11.15,0.79,2.38,17,NA,3.15,417,0.1,0.54,0.74,NA,NA,0.37,NA,20.89,2.02,45,830.7801997,30.90600856,166.84,39.6497427,97.15983261,632.6338149,215.0836638,1368.919321,68.80657058,1246.361014,9.278827013,112.882814,2.002723363,339.1472826,cam,4.478623003,-45.59807205,34.47200394,8.614129066,8.011993408,105.7864227,HA,Deep Chloride-sulfate,Mature deep,Basalt
CR18HAS,HA_s,HA,CR18,HA180403.s_S44241,NA,NA,9.36022,-83.91664,118,sediment,Central_America,Costa_Rica,Cordillera Talamanca,Hattillo,Hattillo,spring,plate margin,convergent,oceanic-continental subduction,Forearc,aerial,3188281,felsic,igneous,granite,17972,9.8,-84.100278,21.0477619,"Calcite,Epidote,Laumontite,Thomsonite-Ca",33,4.97,8.9,26,NA,NA,0.12,31.24441,0.41874,930.0755,NA,0.30934,0.074795,31.21302,g,1.67,,,,,NA,NA,NA,,,,,,,,NA,EarthChem,P08317,whole_rock,"IGNEOUS, VOLCANIC, UNKNOWN, NOT-GIVEN",P08317,10.2,-84.217,96.24,49.1,1.05,15.52,9.47,0.15,7.11,9.44,2.46,1.52,0.42,NA,490,NA,NA,27,450.28,68,310.55,NA,14.28,99,3.4,2.01,1.03,NA,3.26,0.67,7.47,NA,0.31,1.55,11.15,0.79,2.38,17,NA,3.15,417,0.1,0.54,0.74,NA,NA,0.37,NA,20.89,2.02,45,830.7801997,30.90600856,166.84,39.6497427,97.15983261,632.6338149,215.0836638,1368.919321,68.80657058,1246.361014,9.278827013,112.882814,2.002723363,339.1472826,cam,4.478623003,-45.59807205,34.47200394,8.614129066,8.011993408,105.7864227,HA,Deep Chloride-sulfate,Mature deep,Basalt
CR18LBS,LB_s,LB,CR18,LB180410.s_S44252,CR18LBS,NA,8.80736,-79.79061,26,sediment,Central_America,Panama,Panama slab window,Los Bajos,Los Bajos,spring,plate margin,convergent,oceanic-continental subduction,Arc,aerial,951702,felsic,igneous,granite,300981,9.07694444,-79.675278,13.8927934,"Analcime,Clinochlore",34.8,25.35,NA,70,1.17,NA,17.74,NA,NA,NA,NA,NA,NA,NA,w,NA,,,,,NA,NA,NA,,,,,,,,NA,EarthChem,CG-05-24-06-3B,whole_rock,"IGNEOUS,VOLCANIC,FELSIC,DACITE",CG-05-24-06-3B,8.6244,-80.1193,99.3485611,68.06,0.25,17.5,2.0785611,0.06,1.07,4.13,4.62,1.52,0.06,NA,16,NA,NA,21,NA,37,486.05,NA,16.85,NA,0.86,0.22,0.56,NA,NA,0.14,8.15,NA,0.03,1.88,6.89,4.91,1.76,13,NA,1.43,787,0.07,0.19,2.45,NA,NA,1.17,NA,4.47,0.39,84.7,1080.1,24,463.1,17.7,205.8,640.6,349.2,1667.7,48.7,940.8,124.1,79,1.9,27.9,sam,234.3,-8.5,7.4,2.6,-0.4,109.3,LB,,Mature deep,Rhyolite
CR18LBF,LB_f,LB,CR18,LB180410.f_S44262,NA,NA,8.80736,-79.79061,26,fluid,Central_America,Panama,Panama slab window,Los Bajos,Los Bajos,spring,plate margin,convergent,oceanic-continental subduction,Arc,aerial,951702,felsic,igneous,granite,300981,9.07694444,-79.675278,13.8927934,"Analcime,Clinochlore",34.8,25.35,NA,70,1.17,NA,17.74,NA,NA,NA,NA,NA,NA,NA,w,NA,NA,NA,NA,NA,NA,NA,NA,NA,0.403,135.055,NA,2.686,4.5,0.42,NA,EarthChem,CG-05-24-06-3B,whole_rock,"IGNEOUS,VOLCANIC,FELSIC,DACITE",CG-05-24-06-3B,8.6244,-80.1193,99.3485611,68.06,0.25,17.5,2.0785611,0.06,1.07,4.13,4.62,1.52,0.06,NA,16,NA,NA,21,NA,37,486.05,NA,16.85,NA,0.86,0.22,0.56,NA,NA,0.14,8.15,NA,0.03,1.88,6.89,4.91,1.76,13,NA,1.43,787,0.07,0.19,2.45,NA,NA,1.17,NA,4.47,0.39,84.7,1080.1,24,463.1,17.7,205.8,640.6,349.2,1667.7,48.7,940.8,124.1,79,1.9,27.9,sam,234.3,-8.5,7.4,2.6,-0.4,109.3,LB,,Mature deep,Rhyolite
CR18LES,LE_s,LE,CR18,LE180416.s_S44244,CR18LES,NA,10.427103,-84.368543,153,sediment,Central_America,Costa_Rica,Active volcanic arc,Las Estrella,Las Estrella,spring,plate margin,convergent,oceanic-continental subduction,Arc,aerial,3188297,intermediate-felsic,igneous,andesite,21899,10.0463889,-84.343889,4.98473467,"Opal,Actinolite,Osmium,Alunite,Pararealgar,Analcime,Pentlandite,Anorthite,Polydymite,Arsenic,Prehnite,Arsenolite,Pyrite,Augite,Pyrolusite,Awaruite,Pyrrhotite,Baryte,Quartz,Bornite,Realgar,Braunite,Rhodonite,Brucite,Samaniite,Calcite,Schreibersite,Chabazite-Ca,Scolecite,Chalcocite,Smythite,Chalcopyrite,Sphalerite,Chromite,Stibnite,Chrysocolla,Sugakiite,Copper,Sulphur,Covellite,Taenite,Cowlesite,Talc,Cristobalite,Thomsonite-Ca,Cubanite,Todorokite,Cuprite,Troilite,Dolomite,Tschernichite,Epidote,Vermiculite,Epistilbite,Violarite,Erlichmanite,Fluorapophyllite-(K),Galena,Garronite-Ca,Goethite,Gold,Gonnardite,Gypsum,Gyrolite,Heazlewoodite,Hematite,Hollandite,Iron,Isocubanite,Kaolinite,Laumontite,Laurite,Mackinawite,Magnetite,Malachite,Marcasite,Mesolite,Molybdenite,Mordenite,Muscovite,Natrolite,Offretite,Okenite",NA,NA,NA,NA,0.45,NA,NA,NA,NA,NA,NA,NA,NA,NA,w,NA,,,,,NA,NA,NA,,,,,,,,NA,EarthChem,AR-020206-3,whole_rock,"IGNEOUS,VOLCANIC,MAFIC,BASALT",AR.020206-3,10.4688,-84.0297,95.828119,49.6,1,18.25,8.908119,0.34,4.31,9.78,2.61,0.81,0.22,NA,117,NA,NA,38,297.66,70,333.1,NA,15.96,114,4.16,2.7,1.14,NA,3.91,0.86,7.42,NA,0.47,2.75,12.45,1.89,2.58,13,NA,3.49,439,0.16,0.61,0.72,NA,NA,0.2,NA,28.33,2.89,63.02,704.8,39.9,145.4,65.2,180.7,758.1,341.1,1429.5,14.1,1371.4,24.6,89.1,1.6,173.7,cam,5.7,-131.1,60.7,8.5,8.1,104.1,LE,,Ca rich,Basalt
CR18LEF,LE_f,LE,CR18,LE180416.f_S44279,NA,NA,10.427103,-84.368543,153,fluid,Central_America,Costa_Rica,Active volcanic arc,Las Estrella,Las Estrella,spring,plate margin,convergent,oceanic-continental subduction,Arc,aerial,3188297,intermediate-felsic,igneous,andesite,21899,10.0463889,-84.343889,4.98473467,"Opal,Actinolite,Osmium,Alunite,Pararealgar,Analcime,Pentlandite,Anorthite,Polydymite,Arsenic,Prehnite,Arsenolite,Pyrite,Augite,Pyrolusite,Awaruite,Pyrrhotite,Baryte,Quartz,Bornite,Realgar,Braunite,Rhodonite,Brucite,Samaniite,Calcite,Schreibersite,Chabazite-Ca,Scolecite,Chalcocite,Smythite,Chalcopyrite,Sphalerite,Chromite,Stibnite,Chrysocolla,Sugakiite,Copper,Sulphur,Covellite,Taenite,Cowlesite,Talc,Cristobalite,Thomsonite-Ca,Cubanite,Todorokite,Cuprite,Troilite,Dolomite,Tschernichite,Epidote,Vermiculite,Epistilbite,Violarite,Erlichmanite,Fluorapophyllite-(K),Galena,Garronite-Ca,Goethite,Gold,Gonnardite,Gypsum,Gyrolite,Heazlewoodite,Hematite,Hollandite,Iron,Isocubanite,Kaolinite,Laumontite,Laurite,Mackinawite,Magnetite,Malachite,Marcasite,Mesolite,Molybdenite,Mordenite,Muscovite,Natrolite,Offretite,Okenite",NA,NA,NA,NA,0.45,NA,NA,NA,NA,NA,NA,NA,NA,NA,w,NA,NA,17.55732942,0.3789645361,0.02,NA,NA,NA,NA,0.005,11.374,0.273,0.62,2.4,14.06,NA,EarthChem,AR-020206-3,whole_rock,"IGNEOUS,VOLCANIC,MAFIC,BASALT",AR.020206-3,10.4688,-84.0297,95.828119,49.6,1,18.25,8.908119,0.34,4.31,9.78,2.61,0.81,0.22,NA,117,NA,NA,38,297.66,70,333.1,NA,15.96,114,4.16,2.7,1.14,NA,3.91,0.86,7.42,NA,0.47,2.75,12.45,1.89,2.58,13,NA,3.49,439,0.16,0.61,0.72,NA,NA,0.2,NA,28.33,2.89,63.02,704.8,39.9,145.4,65.2,180.7,758.1,341.1,1429.5,14.1,1371.4,24.6,89.1,1.6,173.7,cam,5.7,-131.1,60.7,8.5,8.1,104.1,LE,,Ca rich,Basalt
CR18LHS,LH_s,LH,CR18,LH180406.s_S44287,CR18LHS,NA,8.87095,-82.6899,1676,sediment,Central_America,Panama,Cordillera Talamanca,NA,Los Pozos Thermales (hot),spring,plate margin,convergent,oceanic-continental subduction,Arc,aerial,948780,felsic,igneous,granite,155979,8.63305556,-82.199722,60.0121585,"""Bornite,Chalcopyrite,Copper,Epidote,Magnetite,Malachite,Muscovite,Pyrite,Quartz""",55.4,8.43,6.7,12,0.42,NA,33.54,997.3325,0.000147,2.0435,NA,0.0000962,0.000907,0.574984,g,7.63,,,,,NA,NA,NA,,,,,,,,NA,EarthChem,M65A KH,whole_rock,"IGNEOUS,VOLCANIC,INTERMEDIATE,ADAKITE",M65A KH,8.47,-82.71,99.49,55.96,0.94,15.86,6.99,0.1,5.36,7.66,2.93,2.81,0.47,NA,NA,NA,NA,NA,NA,NA,1438.84,NA,127.81,90.79,3.12,1.4,2.07,NA,6.08,0.54,66.56,NA,0.17,10.66,52.55,NA,14.69,49,NA,7.72,2006,0.7,0.67,NA,NA,NA,NA,NA,11.75,1.15,182,921.8772654,26.83302664,1360.54,51.62784338,127.6910863,566.4995959,121.7869469,1424.035503,17.70654703,1125.076365,31.9567848,109.2791729,2.036595929,1905.887,cam,23.28984046,-70.14575958,44.25093079,8.770270348,7.868440151,108.2528381,LH,Perypheral geothermal,Mature deep,Andesite
CR18LHF,LH_f,LH,CR18,LH180406.f_S44272,NA,NA,8.87095,-82.6899,1676,fluid,Central_America,Panama,Cordillera Talamanca,NA,Los Pozos Thermales (hot),spring,plate margin,convergent,oceanic-continental subduction,Arc,aerial,948780,felsic,igneous,granite,155979,8.63305556,-82.199722,60.0121585,"""Bornite,Chalcopyrite,Copper,Epidote,Magnetite,Malachite,Muscovite,Pyrite,Quartz""",55.4,8.43,6.7,12,0.42,NA,33.54,997.3325,0.000147,2.0435,NA,0.0000962,0.000907,0.574984,g,7.63,NA,37.97421939,2.533520716,0.03,NA,NA,NA,NA,0.12,31.023,NA,1.255,0.65,0.43,NA,EarthChem,M65A KH,whole_rock,"IGNEOUS,VOLCANIC,INTERMEDIATE,ADAKITE",M65A KH,8.47,-82.71,99.49,55.96,0.94,15.86,6.99,0.1,5.36,7.66,2.93,2.81,0.47,NA,NA,NA,NA,NA,NA,NA,1438.84,NA,127.81,90.79,3.12,1.4,2.07,NA,6.08,0.54,66.56,NA,0.17,10.66,52.55,NA,14.69,49,NA,7.72,2006,0.7,0.67,NA,NA,NA,NA,NA,11.75,1.15,182,921.8772654,26.83302664,1360.54,51.62784338,127.6910863,566.4995959,121.7869469,1424.035503,17.70654703,1125.076365,31.9567848,109.2791729,2.036595929,1905.887,cam,23.28984046,-70.14575958,44.25093079,8.770270348,7.868440151,108.2528381,LH,Perypheral geothermal,Mature deep,Andesite
CR18LPS,LP_s,LP,CR18,LP180406.s_S44237,CR18LPS,NA,8.86966,-82.69282,1651,sediment,Central_America,Panama,Cordillera Talamanca,NA,Los Pozos Thermales (warm),spring,plate margin,convergent,oceanic-continental subduction,Arc,aerial,948780,felsic,igneous,granite,155979,8.63305556,-82.199722,60.0121585,"""Bornite,Chalcopyrite,Copper,Epidote,Magnetite,Malachite,Muscovite,Pyrite,Quartz""",39.1,5.88,6.5,32,3.49,NA,31.33,991.2468,0.000283,6.794414,NA,0.000207,0.0002,1.888973,g,7,,,,,NA,NA,NA,,,,,,,,NA,EarthChem,M65A KH,whole_rock,"IGNEOUS,VOLCANIC,INTERMEDIATE,ADAKITE",M65A KH,8.47,-82.71,99.49,55.96,0.94,15.86,6.99,0.1,5.36,7.66,2.93,2.81,0.47,NA,NA,NA,NA,NA,NA,NA,1438.84,NA,127.81,90.79,3.12,1.4,2.07,NA,6.08,0.54,66.56,NA,0.17,10.66,52.55,NA,14.69,49,NA,7.72,2006,0.7,0.67,NA,NA,NA,NA,NA,11.75,1.15,182,921.8987809,26.83401233,1356.15,51.80973647,127.403043,566.3618659,121.6171928,1423.703416,17.94941476,1125.18063,31.69270258,109.3421292,2.038102102,1844.391429,cam,22.95899653,-70.14575958,44.25093079,8.770270348,7.868440151,108.2528381,LP,Perypheral geothermal,Mature deep,Andesite
CR18LPF,LP_f,LP,CR18,LP180406.f_S44271,NA,NA,8.86966,-82.69282,1651,fluid,Central_America,Panama,Cordillera Talamanca,NA,Los Pozos Thermales (warm),spring,plate margin,convergent,oceanic-continental subduction,Arc,aerial,948780,felsic,igneous,granite,155979,8.63305556,-82.199722,60.0121585,"""Bornite,Chalcopyrite,Copper,Epidote,Magnetite,Malachite,Muscovite,Pyrite,Quartz""",39.1,5.88,6.5,32,3.49,NA,31.33,991.2468,0.000283,6.794414,NA,0.000207,0.0002,1.888973,g,7,0.005614507002,30.44622458,1.739156083,0.02,NA,NA,NA,NA,0.121,30.18,0.178,1.493,0.94,1.36,NA,EarthChem,M65A KH,whole_rock,"IGNEOUS,VOLCANIC,INTERMEDIATE,ADAKITE",M65A KH,8.47,-82.71,99.49,55.96,0.94,15.86,6.99,0.1,5.36,7.66,2.93,2.81,0.47,NA,NA,NA,NA,NA,NA,NA,1438.84,NA,127.81,90.79,3.12,1.4,2.07,NA,6.08,0.54,66.56,NA,0.17,10.66,52.55,NA,14.69,49,NA,7.72,2006,0.7,0.67,NA,NA,NA,NA,NA,11.75,1.15,182,921.8987809,26.83401233,1356.15,51.80973647,127.403043,566.3618659,121.6171928,1423.703416,17.94941476,1125.18063,31.69270258,109.3421292,2.038102102,1844.391429,cam,22.95899653,-70.14575958,44.25093079,8.770270348,7.868440151,108.2528381,LP,Perypheral geothermal,Mature deep,Andesite
CR18LWS,LW_s,LW,CR18,LW180405.s_S44269,CR18LWS,NA,8.44119,-82.90487,32,sediment,Central_America,Costa_Rica,Costa Rica outer forearc,Laurel,Laurel,spring,plate margin,convergent,oceanic-continental subduction,Outer Forearc,aerial,3186036,sedimentary rocks,sedimentary,sedimentary,206331,9.36916667,-82.976389,14.9683772,"Alunite,Baryte,Bornite,Chalcocite,Chalcopyrite,Epidote,Galena,Gold,Kaolinite,Muscovite,Pyrite,Sphalerite",31.5,0.55,7.1,3.5,0.53,NA,7.11,816.9155,0.010162,21.13289,NA,157.5839,0.041218,3.67501,w,1.2,,,,,NA,NA,NA,,,,,,,,NA,EarthChem,M65AKH,whole_rock,"IGNEOUS,VOLCANIC,INTERMEDIATE,ADAKITE",M65A_KH,8.47,-82.71,98.3796719,55.96,0.94,15.86,6.2896719,0.1,5.36,7.66,2.93,2.81,0.47,NA,NA,NA,NA,NA,NA,NA,1438.84,NA,127.81,90.79,3.12,1.4,2.07,NA,6.08,NA,66.56,NA,0.17,10.66,52.55,NA,14.69,49,NA,7.72,2006,0.7,0.67,NA,NA,NA,NA,NA,11.75,1.15,182,958.9,24.9,93.4,24,74.9,519.9,74.9,1374.4,56.8,1099.4,4.2,119.7,2.5,20.2,cam,4.2,-36.7,38.4,8.8,7.9,108.3,LW,Alkaline soda springs,Mature deep,Andesite
CR18LWF,LW_f,LW,CR18,LW180405.f_S44266,NA,NA,8.44119,-82.90487,32,fluid,Central_America,Costa_Rica,Costa Rica outer forearc,Laurel,Laurel,spring,plate margin,convergent,oceanic-continental subduction,Outer Forearc,aerial,3186036,sedimentary rocks,sedimentary,sedimentary,206331,9.36916667,-82.976389,14.9683772,"Alunite,Baryte,Bornite,Chalcocite,Chalcopyrite,Epidote,Galena,Gold,Kaolinite,Muscovite,Pyrite,Sphalerite",31.5,0.55,7.1,3.5,0.53,NA,7.11,816.9155,0.010162,21.13289,NA,157.5839,0.041218,3.67501,w,1.2,NA,0.1494936959,0.008050523978,NA,NA,NA,NA,NA,0.005,1.973,0.173,0.261,0.76,0.48,NA,EarthChem,M65AKH,whole_rock,"IGNEOUS,VOLCANIC,INTERMEDIATE,ADAKITE",M65A_KH,8.47,-82.71,98.3796719,55.96,0.94,15.86,6.2896719,0.1,5.36,7.66,2.93,2.81,0.47,NA,NA,NA,NA,NA,NA,NA,1438.84,NA,127.81,90.79,3.12,1.4,2.07,NA,6.08,NA,66.56,NA,0.17,10.66,52.55,NA,14.69,49,NA,7.72,2006,0.7,0.67,NA,NA,NA,NA,NA,11.75,1.15,182,958.9,24.9,93.4,24,74.9,519.9,74.9,1374.4,56.8,1099.4,4.2,119.7,2.5,20.2,cam,4.2,-36.7,38.4,8.8,7.9,108.3,LW,Alkaline soda springs,Mature deep,Andesite
CR18MCS,MC_s,MC,CR18,MC180404.s_S44230,CR18MCS,NA,9.34391,-83.59565,812,sediment,Central_America,Costa_Rica,Cordillera Talamanca,Montecarlo - Bernardino,Montecarlo - Bernardino,spring,plate margin,convergent,oceanic-continental subduction,Forearc,aerial,3192734,unclassified volcanic rocks,igneous,igneous_uncl,17964,10.0613889,-83.370556,26.6163786,"Analcime,Calcite,Mesolite,Natrolite,Offretite,Thomsonite-Ca",31.8,2.33,9.6,23,0.28,NA,0.04,0,0.221043,967.4392,0.4,0.630369,0.161692,16.01988,w,2.36,,,,,NA,NA,NA,,,,,,,,NA,EarthChem,P08317,whole_rock,"IGNEOUS, VOLCANIC, UNKNOWN, NOT-GIVEN",P08317,10.2,-84.217,96.24,49.1,1.05,15.52,9.47,0.15,7.11,9.44,2.46,1.52,0.42,NA,490,NA,NA,27,450.28,68,310.55,NA,14.28,99,3.4,2.01,1.03,NA,3.26,0.67,7.47,NA,0.31,1.55,11.15,0.79,2.38,17,NA,3.15,417,0.1,0.54,0.74,NA,NA,0.37,NA,20.89,2.02,45,841.2984078,31.1001483,150.793,33.6103918,114.3982322,625.5773495,195.1586562,1391.127983,75.66843106,1224.634,34.7550065,111.3214146,1.893682119,899.5729351,cam,4.170301974,-59.00214386,36.84541702,8.666784287,7.962999344,106.6104584,MC,Deep Chloride-sulfate,Mature deep,Basalt
CR18MCF,MC_f,MC,CR18,MC180404.f_S44265,NA,NA,9.34391,-83.59565,812,fluid,Central_America,Costa_Rica,Cordillera Talamanca,Montecarlo - Bernardino,Montecarlo - Bernardino,spring,plate margin,convergent,oceanic-continental subduction,Forearc,aerial,3192734,unclassified volcanic rocks,igneous,igneous_uncl,17964,10.0613889,-83.370556,26.6163786,"Analcime,Calcite,Mesolite,Natrolite,Offretite,Thomsonite-Ca",31.8,2.33,9.6,23,0.28,NA,0.04,0,0.221043,967.4392,0.4,0.630369,0.161692,16.01988,w,2.36,0.009299027222,20.06337028,4.937365535,0.02,NA,NA,NA,NA,0.009,13.809,NA,0.09,0.06,3.54,NA,EarthChem,P08317,whole_rock,"IGNEOUS, VOLCANIC, UNKNOWN, NOT-GIVEN",P08317,10.2,-84.217,96.24,49.1,1.05,15.52,9.47,0.15,7.11,9.44,2.46,1.52,0.42,NA,490,NA,NA,27,450.28,68,310.55,NA,14.28,99,3.4,2.01,1.03,NA,3.26,0.67,7.47,NA,0.31,1.55,11.15,0.79,2.38,17,NA,3.15,417,0.1,0.54,0.74,NA,NA,0.37,NA,20.89,2.02,45,841.2984078,31.1001483,150.793,33.6103918,114.3982322,625.5773495,195.1586562,1391.127983,75.66843106,1224.634,34.7550065,111.3214146,1.893682119,899.5729351,cam,4.170301974,-59.00214386,36.84541702,8.666784287,7.962999344,106.6104584,MC,Deep Chloride-sulfate,Mature deep,Basalt
CR17MTF,MT_f,MT,CR17,MTF.MT170219_S38587,CR17MTF,CR17MTF,10.595774,-85.238451,166,fluid,Central_America,Costa_Rica,Active volcanic arc,Guanacaste_region,Mouse Trap,spring,plate margin,convergent,oceanic-continental subduction,Forearc,aerial,951120,felsic,igneous,granite,208460,10.7041667,-85.223056,1.983629,Copper,59,3.342,6.32,12.4,0.24926,0.02,21.7,988.3,0.00023,8.50821,1.66,0.74033,0.00011,2.25954,g,3.57,0.01448684211,34.42172028,0.14,0.019460875,0,0,2.1,0.001264210526,0.3251257143,34.23772957,0,1.062670077,0.13,0.7,640.724,EarthChem,010630-4A,whole_rock,"IGNEOUS,VOLCANIC,FELSIC,DACITE",010630-4A,10.57,-85.33,99.6593787,70.08011504,0.451930978,15.82785538,3.05913219,0.07189811,0.739523418,2.793755136,2.886195563,3.718159408,0.030813476,NA,NA,NA,NA,NA,74.33,NA,1616.32,NA,58.01,5.22,3.65,2.32,1.31,NA,4.49,0.74,27.69,NA,0.39,10.32,NA,8.93,NA,61.7,NA,5.12,345.8,0.63,0.66,5.27,NA,NA,3.78,NA,23.69,2.43,207,673.2,37.7,305.4,36.9,145.8,801.7,412.3,1390.4,19.8,1442.5,24.7,82.8,1.6,178.4,cam,4.1,-65.9,42.6,8.5,4.7,103.3,MT,Perypheral geothermal,Mature deep,Rhyolite
CR18PCF,PC_f,PC,,PC140111.f_S44238,,,,,,,,,,,,,,,,,,,,,,,,,,,,,,,,,,,,,,,,,,,,,,,,,,,,,,,,,,,,,,,,,,,,,,,,,,,,,,,,,,,,,,,,,,,,,,,,,,,,,,,,,,,,,,,,,,,,,,,,,,,,,,,,,,,,,,,,,,
CR17PFF,PF_f,PF,CR17,PFF.PF170224_S38603,NA,CR17PFF,10.518466,-84.11518,53,fluid,Central_America,Costa_Rica,Active volcanic backarc,Central_Cordillera,Pompilos finca,spring,plate margin,convergent,oceanic-continental subduction,Backarc,aerial,951224,felsic,igneous,granite,293056,10,-84.1,6.15444397,"Chromite,Copper,Iron,Isocubanite,Mackinawite,Schreibersite,Taenite,Troilite",28,1.961,5.81,4.3,1.6602958,0.3,23.72,997.6,NA,1.8926,1.16,0.01771,0.00025,0.47037,g,1.72,0,17.49594873,0.18,0.0109635,0,0,34.62,0.0006977894737,0.006154285714,12.38368609,0,1.104799488,6.31,0.81,954.548,EarthChem,CH-020406-5,whole_rock,"ANDESITE, BASALTIC",CH-020406-5,10.5831,-84.1805,97.16,60.64,0.73,15.91,6.18,0.14,2.68,5.58,3.53,1.57,0.2,NA,51,NA,NA,25,150.01,56,631.7,NA,25.09,88,4.14,2.57,1.17,NA,4.2,0.81,12.18,NA,0.45,4.67,16.3,3.14,3.69,29,NA,4.14,365,0.31,0.66,1.54,NA,891.7,0.49,-85.31481667,26.02,2.85,126.79,701.1,39,967.5,89.7,201.6,762.6,336.9,1454.2,36.7,1365.1,39.4,90.2,1.6,75.4,cam,2.6,-169.7,61.1,8.5,8.1,104.1,PF,Perypheral geothermal,Mature deep,Andesite
CR17PFS,PF_s,PF,CR17,PFS.PF170222_S38582,CR17PFS,CR17PFS,10.518466,-84.11518,53,sediment,Central_America,Costa_Rica,Active volcanic backarc,Central_Cordillera,Pompilos finca,spring,plate margin,convergent,oceanic-continental subduction,Backarc,aerial,951224,felsic,igneous,granite,293056,10,-84.1,6.15444397,"Chromite,Copper,Iron,Isocubanite,Mackinawite,Schreibersite,Taenite,Troilite",28,1.961,5.81,4.3,1.6602958,0.3,23.72,997.6,NA,1.8926,1.16,0.01771,0.00025,0.47037,g,1.72,,,,,NA,0,NA,,,,,,,,NA,EarthChem,CH-020406-5,whole_rock,"ANDESITE, BASALTIC",CH-020406-5,10.5831,-84.1805,97.16,60.64,0.73,15.91,6.18,0.14,2.68,5.58,3.53,1.57,0.2,NA,51,NA,NA,25,150.01,56,631.7,NA,25.09,88,4.14,2.57,1.17,NA,4.2,0.81,12.18,NA,0.45,4.67,16.3,3.14,3.69,29,NA,4.14,365,0.31,0.66,1.54,NA,891.7,0.49,-85.31481667,26.02,2.85,126.79,701.1,39,967.5,89.7,201.6,762.6,336.9,1454.2,36.7,1365.1,39.4,90.2,1.6,75.4,cam,2.6,-169.7,61.1,8.5,8.1,104.1,PF,Perypheral geothermal,Mature deep,Andesite
CR17PGF,PG_f,PG,CR17,PGF.PG170224_S38589,NA,CR17PGF,10.188962,-84.227388,1632,fluid,Central_America,Costa_Rica,Active volcanic arc,Central_Cordillera,Poas Volcano Laguna,spring,plate margin,convergent,oceanic-continental subduction,Arc,aerial,3188297,felsic,igneous,granite,301676,10.1986111,-84.2325,0.996396,"""Alunite,Augite,Magnetite,Sulphur""",NA,NA,NA,NA,0.1531187,NA,NA,NA,NA,NA,NA,NA,NA,NA,g (PU170224),6.48,0,0.1898571831,0.05,0.000329875,NA,0.002146612903,NA,0.0004515789474,0,0.1053886957,0.006074444444,0.02933580563,0.16,0.2,NA,EarthChem,PO7,whole_rock,"IGNEOUS,VOLCANIC",PO7,10.2,-84.217,99.65,55.66,1.06,16.76,8.87,0.17,3.68,7.8,3.31,2.03,0.31,NA,155.3,21.79,3.13,4.29,256.61,82.04,868.18,NA,70.99,1.34,4.77,2.69,1.66,NA,6.11,0.96,32.88,9.81,0.39,13.93,32.28,6.83,8.9,61.88,30.21,6.77,558.42,0.83,0.89,9.63,NA,0.09,3.37,0.88,28.29,2.59,163.87,733.8297845,38.17559859,15.9974,61.40516256,163.3835188,729.0965173,310.5657806,1417.87093,4.378893816,1340.924206,2.480629288,91.31416944,1.625928815,2463.295011,cam,4.289952531,-107.5426559,57.09819031,8.560872078,8.062166214,104.9646988,PG,Alkaline soda springs,Ca rich,Andesite
CR17PGS,PG_s,PG,CR17,PGS.PG170224_S38581,CR17PGS,CR17PGS,10.188962,-84.227388,1632,sediment,Central_America,Costa_Rica,Active volcanic arc,Central_Cordillera,Poas Volcano Laguna,spring,plate margin,convergent,oceanic-continental subduction,Arc,aerial,3188297,felsic,igneous,granite,301676,10.1986111,-84.2325,0.996396,"""Alunite,Augite,Magnetite,Sulphur""",NA,NA,NA,NA,0.1531187,NA,NA,NA,NA,NA,NA,NA,NA,NA,g (PU170224),6.48,,,,,NA,0.002146612903,NA,,,,,,,,NA,EarthChem,PO7,whole_rock,"IGNEOUS,VOLCANIC",PO7,10.2,-84.217,99.65,55.66,1.06,16.76,8.87,0.17,3.68,7.8,3.31,2.03,0.31,NA,155.3,21.79,3.13,4.29,256.61,82.04,868.18,NA,70.99,1.34,4.77,2.69,1.66,NA,6.11,0.96,32.88,9.81,0.39,13.93,32.28,6.83,8.9,61.88,30.21,6.77,558.42,0.83,0.89,9.63,NA,0.09,3.37,0.88,28.29,2.59,163.87,733.8297845,38.17559859,15.9974,61.40516256,163.3835188,729.0965173,310.5657806,1417.87093,4.378893816,1340.924206,2.480629288,91.31416944,1.625928815,2463.295011,cam,4.289952531,-107.5426559,57.09819031,8.560872078,8.062166214,104.9646988,PG,Alkaline soda springs,Ca rich,Andesite
CR17PLS,PL_s,PL,CR17,PLS.PL170224_S38593,CR17PLS,CR17PLS,10.196777,-84.229892,2334,sediment,Central_America,Costa_Rica,Active volcanic arc,Central_Cordillera,Poas Volcano lake,volcanic_lake,plate margin,convergent,oceanic-continental subduction,Arc,aerial,951224,felsic,igneous,granite,301676,10.1986111,-84.2325,0.29072,"Alunite,Augite,Magnetite,Sulphur",37,65.745,0.85,46.6,0.0226216,NA,0.86,971.2,0.00792,5.20434,0.57,0.00048,7.37495,0.10442,g,6.48,0,109.7164054,99.22,0.033465,2.33,0,NA,0,0.006504285714,3.361191739,0.02071111111,1.5951711,4.85,18.08,NA,EarthChem,LC-010405-3,whole_rock,"IGNEOUS,VOLCANIC,MAFIC,BASALT",LC-010405-3,10.0739,-84.4509,96.9188739,46.85,0.86,17.53,10.0688739,0.17,6.71,11.37,1.89,1.21,0.26,NA,90,NA,NA,NA,300.4,63,590.73,NA,52.09,NA,3.36,1.38,1.55,NA,4.83,0.49,27.38,NA,0.17,NA,27.21,2.09,6.46,20,NA,5.25,861,0.17,0.6,5.42,NA,NA,1.38,NA,17.22,1.38,61,732.9,38.2,19.5,61.5,164.1,730,311.4,1418.4,4.2,1341.8,2.4,91.2,1.6,2426.5,cam,4.1,-107.5,57.1,8.6,8.1,105,PL,Crater Lake,Ca rich,Andesite
CR18PSS,PS_s,PS,CR18,PS180405.s_S44281,CR18PSS,NA,8.57554,-83.36416,2,sediment,Central_America,Costa_Rica,Costa Rica outer forearc,Playa Sandalo,Playa Sandalo,spring,plate margin,convergent,oceanic-continental subduction,Outer Forearc,subaerial,943503,mafic rocks,igneous,basalt,206330,9.69694444,-83.358056,14.43185,"Actinolite,Bornite,Calcite,Chalcocite,Chalcopyrite,Chrysocolla,Epidote,Gypsum,Hematite,Magnetite,Malachite,Molybdenite,Muscovite,Prehnite,Pyrite",33,69.2,8.2,122,0.18,NA,3.18,81.60756,0.0019,50.33228,1.21,864.1985,0.015083,2.770409,g,3.25,NA,NA,NA,NA,NA,NA,NA,NA,0.03535533906,345.81,NA,7.059,34.79,7.12,NA,EarthChem,M65AKH,whole_rock,"IGNEOUS,VOLCANIC,INTERMEDIATE,ADAKITE",M65A_KH,8.47,-82.71,98.3796719,55.96,0.94,15.86,6.2896719,0.1,5.36,7.66,2.93,2.81,0.47,NA,NA,NA,NA,NA,NA,NA,1438.84,NA,127.81,90.79,3.12,1.4,2.07,NA,6.08,NA,66.56,NA,0.17,10.66,52.55,NA,14.69,49,NA,7.72,2006,0.7,0.67,NA,NA,NA,NA,NA,11.75,1.15,182,930,25.5,371,17.1,64.1,538.3,109.2,1347.8,94,1140.4,8.4,128.7,2.6,7.5,cam,4.9,-26.4,32.2,8.7,7.9,107.4,PS,,Mature deep,Andesite
CR18PXS,PX_s,PX,CR18,PX180416.s_S44246,CR18PXS,NA,10.485523,-84.113229,68,sediment,Central_America,Costa_Rica,Active volcanic backarc,Praxair well 24,Praxair well 24,spring,plate margin,convergent,oceanic-continental subduction,Backarc,aerial,3188297,intermediate-felsic,igneous,andesite,293056,10,-84.1,5.78126798,"Chromite,Copper,Iron,Isocubanite,Mackinawite,Schreibersite,Taenite,Troilite",NA,NA,NA,NA,0.67,NA,NA,943.7293,0.001974,44.05897,NA,0.002663,0.0000981,11.85476,g,7.81,,,,,NA,NA,NA,,,,,,,,NA,EarthChem,AR-020206-3,whole_rock,"IGNEOUS,VOLCANIC,MAFIC,BASALT",AR.020206-3,10.4688,-84.0297,95.828119,49.6,1,18.25,8.908119,0.34,4.31,9.78,2.61,0.81,0.22,NA,117,NA,NA,38,297.66,70,333.1,NA,15.96,114,4.16,2.7,1.14,NA,3.91,0.86,7.42,NA,0.47,2.75,12.45,1.89,2.58,13,NA,3.49,439,0.16,0.61,0.72,NA,NA,0.2,NA,28.33,2.89,63.02,704.4,38.9,960.2,90.5,198.7,759.3,333.8,1451.7,34.3,1362.3,36.5,90.3,1.6,88.2,cam,1.9,-169.7,61.1,8.5,8.1,104.1,PX,,Ca rich,Basalt
CR18PXF,PX_f,PX,CR18,PX180416.f_S44243,NA,NA,10.485523,-84.113229,68,fluid,Central_America,Costa_Rica,Active volcanic backarc,Praxair well 24,Praxair well 24,spring,plate margin,convergent,oceanic-continental subduction,Backarc,aerial,3188297,intermediate-felsic,igneous,andesite,293056,10,-84.1,5.78126798,"Chromite,Copper,Iron,Isocubanite,Mackinawite,Schreibersite,Taenite,Troilite",NA,NA,NA,NA,0.67,NA,NA,943.7293,0.001974,44.05897,NA,0.002663,0.0000981,11.85476,g,7.81,0.009123573878,16.77582527,0.5697133736,0.02,NA,NA,NA,NA,0.03535533906,2.185,0.118,0.18,2.89,11.15,NA,EarthChem,AR-020206-3,whole_rock,"IGNEOUS,VOLCANIC,MAFIC,BASALT",AR.020206-3,10.4688,-84.0297,95.828119,49.6,1,18.25,8.908119,0.34,4.31,9.78,2.61,0.81,0.22,NA,117,NA,NA,38,297.66,70,333.1,NA,15.96,114,4.16,2.7,1.14,NA,3.91,0.86,7.42,NA,0.47,2.75,12.45,1.89,2.58,13,NA,3.49,439,0.16,0.61,0.72,NA,NA,0.2,NA,28.33,2.89,63.02,704.4,38.9,960.2,90.5,198.7,759.3,333.8,1451.7,34.3,1362.3,36.5,90.3,1.6,88.2,cam,1.9,-169.7,61.1,8.5,8.1,104.1,PX,,Ca rich,Basalt
CR17QHS2,QH2_s,QH2,CR17,QHS2.QH170213.2_S38578,CR17QHS2,CR17QHS2,9.56171,-84.123251,300,sediment,Central_America,Costa_Rica,Costa Rica outer forearc,Central_Cordillera,Quepos Hotsprings,spring,plate margin,convergent,oceanic-continental subduction,Forearc,aerial,3188281,felsic,igneous,granite,29013,9.75027778,-84.142222,3.00736001,Tschernichite,36,1.39,8.69,2.5,0.9625883,0.85,0.11,NA,NA,NA,0.22,NA,NA,NA,g,3.12,,,,,NA,0.05062935484,NA,,,,,,,,130.76,EarthChem,AH8,whole_rock,"IGNEOUS,VOLCANIC,MAFIC,BASALT",AH8,9.5,-84,96.9040544,49.35,0.84,14.46,9.2140544,0.16,8.87,11.55,2.12,0.28,0.06,NA,NA,NA,NA,140,281,NA,23,NA,5.06,400,2.72,1.65,0.59,NA,2.1,0.58,1.9,NA,0.26,2.39,4.19,0.2,NA,1.5,NA,1.5,395,0.21,0.4,0.15,NA,NA,0.124,NA,15.3,1.69,41,804.0521203,32.70149684,97.2309,15.45852721,105.9848925,658.8436927,246.4602715,1371.0487,54.91576746,1277.712687,5.804822925,106.5286516,1.91815769,447.8665191,cam,4.782082796,-51.09425354,37.54247665,8.614129066,8.011993408,105.7864227,QH2,Deep Chloride-sulfate,Mature deep,Basalt
CR17QH2F,QH2_f,QH,CR17,QHF2.QH170212.2_S38598,NA,NA,9.56171,-84.123251,300,fluid,Central_America,Costa_Rica,Costa Rica outer forearc,Central_Cordillera,Quepos Hotsprings,spring,plate margin,convergent,oceanic-continental subduction,Forearc,aerial,3188281,felsic,igneous,granite,29013,9.75027778,-84.142222,3.00736001,Tschernichite,36,1.39,8.69,47.3,0.9625883,0.85,0.11,NA,NA,NA,0.22,NA,NA,NA,g,3.12,0.2392063158,14.64322479,0.95,0.0071385,0,0.05062935484,67.06,0.0004303157895,0.006888571429,10.70151348,0.04985777778,0.135086445,0.02,2.2,163.45,EarthChem,AH8,whole_rock,"IGNEOUS,VOLCANIC,MAFIC,BASALT",AH8,9.5,-84,96.9040544,49.35,0.84,14.46,9.2140544,0.16,8.87,11.55,2.12,0.28,0.06,NA,NA,NA,NA,140,281,NA,23,NA,5.06,400,2.72,1.65,0.59,NA,2.1,0.58,1.9,NA,0.26,2.39,4.19,0.2,NA,1.5,NA,1.5,395,0.21,0.4,0.15,NA,NA,0.124,NA,15.3,1.69,41,804.0521203,32.70149684,97.2309,15.45852721,105.9848925,658.8436927,246.4602715,1371.0487,54.91576746,1277.712687,5.804822925,106.5286516,1.91815769,447.8665191,cam,4.782082796,-51.09425354,37.54247665,8.614129066,8.011993408,105.7864227,QH2,Deep Chloride-sulfate,Mature deep,Basalt
CR17QHS1,QH_s,QH,CR17,QHS1.QH170213.1_S38602,CR17QHS1,CR17QHS1,9.56171,-84.123251,298,sediment,Central_America,Costa_Rica,Costa Rica outer forearc,Central_Cordillera,Quepos Hotsprings,spring,plate margin,convergent,oceanic-continental subduction,Forearc,aerial,3188281,felsic,igneous,granite,29013,9.75027778,-84.142222,3.00736001,Tschernichite,48,1.39,8.69,47.3,7.1291951,3.23,0.1,0,0.00527,23.4689,0.17,0.04669,0.00287,0.30103,g,3.12,0.2020463158,25.21208028,2.06,0.012274625,NA,0.09562903226,NA,0.0005325263158,0.01170285714,17.02247261,2.348051667,0.2274800512,0.02,4.86,NA,EarthChem,AH8,whole_rock,"IGNEOUS,VOLCANIC,MAFIC,BASALT",AH8,9.5,-84,96.9040544,49.35,0.84,14.46,9.2140544,0.16,8.87,11.55,2.12,0.28,0.06,NA,NA,NA,NA,140,281,NA,23,NA,5.06,400,2.72,1.65,0.59,NA,2.1,0.58,1.9,NA,0.26,2.39,4.19,0.2,NA,1.5,NA,1.5,395,0.21,0.4,0.15,NA,NA,0.124,NA,15.3,1.69,41,804.0521203,32.70149684,97.2309,15.45852721,105.9848925,658.8436927,246.4602715,1371.0487,54.91576746,1277.712687,5.804822925,106.5286516,1.91815769,447.8665191,cam,4.782082796,-51.09425354,37.54247665,8.614129066,8.011993408,105.7864227,QH1,Deep Chloride-sulfate,Mature deep,Basalt
CR17QNF,QN_f,QN,CR17,QNF.QN170220_S38597,NA,CR17QNF,10.495573,-84.696714,429,fluid,Central_America,Costa_Rica,Active volcanic arc,Central_Cordillera,Quebrada naranja,spring,plate margin,convergent,oceanic-continental subduction,Arc,aerial,951224,felsic,igneous,granite,285909,9.86666667,-84.7,6.47187238,"Calcite,Thomsonite-Ca",23,0.096,5.6,84,0.2045144,0.03,2.81,926.4,0.00427,8.08608,0.42,64.67717,0.00354,0.77759,g,4.89,0,0.3128501408,0.03,0,0,0.03859596774,53.12,0.001112,0,0.46353,0.519565,0.1191851662,0.29,0.73,333.438,EarthChem,RET10,whole_rock,"IGNEOUS,VOLCANIC,FELSIC,DACITE",RET10,10.467,-84.733,99.277,63.38,0.36,17.36,5.21,0.227,1.9,6.21,3.87,0.76,NA,NA,6.866,NA,1.677,0.858,24.988,93.306,592.017,NA,29.013,2.483,3.335,2.033,1.271,NA,3.743,0.688,12.684,12.32,0.355,NA,16.967,NA,4.049,16.354,7.106,3.94,622.883,NA,0.566,1.001,NA,0.067,0.547,NA,20.536,2.193,60.74,691,40.1,22.9,58.8,172.7,773.9,367,1414.5,4,1398.3,21.4,87,1.6,511.4,cam,0.6,-97.9,56.3,8.5,8.1,104.1,QN,Alkaline soda springs,Ca rich,Andesite
CR17QNS,QN_s,QN,CR17,QNS.QN170220_S38594,CR17QNS,NA,10.495573,-84.696714,429,sediment,Central_America,Costa_Rica,Active volcanic arc,Central_Cordillera,Quebrada naranja,spring,plate margin,convergent,oceanic-continental subduction,Arc,aerial,951224,felsic,igneous,granite,285909,9.86666667,-84.7,6.47187238,"Calcite,Thomsonite-Ca",23,0.096,5.6,84,0.2045144,0.03,2.81,926.4,0.00427,8.08608,0.42,64.67717,0.00354,0.77759,g,4.89,,,,,NA,0.03859596774,NA,,,,,,,,NA,EarthChem,RET10,whole_rock,"IGNEOUS,VOLCANIC,FELSIC,DACITE",RET10,10.467,-84.733,99.277,63.38,0.36,17.36,5.21,0.227,1.9,6.21,3.87,0.76,NA,NA,6.866,NA,1.677,0.858,24.988,93.306,592.017,NA,29.013,2.483,3.335,2.033,1.271,NA,3.743,0.688,12.684,12.32,0.355,NA,16.967,NA,4.049,16.354,7.106,3.94,622.883,NA,0.566,1.001,NA,0.067,0.547,NA,20.536,2.193,60.74,691,40.1,22.9,58.8,172.7,773.9,367,1414.5,4,1398.3,21.4,87,1.6,511.4,cam,0.6,-97.9,56.3,8.5,8.1,104.1,QN,Alkaline soda springs,Ca rich,Andesite
CR18RCS,RC_s,RC,CR18,RC180404.s_S44228,CR18RCS,NA,9.30283,-83.29782,943,sediment,Central_America,Costa_Rica,Cordillera Talamanca,Ujarassa,Ujarassa,spring,plate margin,convergent,oceanic-continental subduction,Forearc,aerial,3193086,intrusive igneous rocks,igneous,igneous_uncl,206330,9.69694444,-83.358056,8.41347056,"Actinolite,Bornite,Calcite,Chalcocite,Chalcopyrite,Chrysocolla,Epidote,Gypsum,Hematite,Magnetite,Malachite,Molybdenite,Muscovite,Prehnite,Pyrite",60,2.83,7.7,45,7.57,NA,1.07,777.6269,0.038083,214.8475,0.53,4.367896,0.002466,0.130983,NA,NA,,,,,NA,NA,NA,,,,,,,,NA,EarthChem,P08317,whole_rock,"IGNEOUS, VOLCANIC, UNKNOWN, NOT-GIVEN",P08317,10.2,-84.217,96.24,49.1,1.05,15.52,9.47,0.15,7.11,9.44,2.46,1.52,0.42,NA,490,NA,NA,27,450.28,68,310.55,NA,14.28,99,3.4,2.01,1.03,NA,3.26,0.67,7.47,NA,0.31,1.55,11.15,0.79,2.38,17,NA,3.15,417,0.1,0.54,0.74,NA,NA,0.37,NA,20.89,2.02,45,854.9539454,30.48565885,793.807,45.93062433,131.7302671,617.9157476,178.2208999,1410.14816,95.05850623,1202.662061,29.53759832,109.724205,1.825674811,1026.295011,cam,0.3941281736,-74.37892151,40.89027786,8.666784287,7.962999344,106.6104584,RC,,Mature deep,Basalt
CR18RCF,RC_f,RC,CR18,RC180404.f_S44277,NA,NA,9.30283,-83.29782,943,fluid,Central_America,Costa_Rica,Cordillera Talamanca,Ujarassa,Ujarassa,spring,plate margin,convergent,oceanic-continental subduction,Forearc,aerial,3193086,intrusive igneous rocks,igneous,igneous_uncl,206330,9.69694444,-83.358056,8.41347056,"Actinolite,Bornite,Calcite,Chalcocite,Chalcopyrite,Chrysocolla,Epidote,Gypsum,Hematite,Magnetite,Malachite,Molybdenite,Muscovite,Prehnite,Pyrite",60,2.83,7.7,45,7.57,NA,1.07,777.6269,0.038083,214.8475,0.53,4.367896,0.002466,0.130983,NA,NA,NA,NA,NA,NA,NA,NA,NA,NA,0.018,15.897,0.25,0.204,0.21,1.81,NA,EarthChem,P08317,whole_rock,"IGNEOUS, VOLCANIC, UNKNOWN, NOT-GIVEN",P08317,10.2,-84.217,96.24,49.1,1.05,15.52,9.47,0.15,7.11,9.44,2.46,1.52,0.42,NA,490,NA,NA,27,450.28,68,310.55,NA,14.28,99,3.4,2.01,1.03,NA,3.26,0.67,7.47,NA,0.31,1.55,11.15,0.79,2.38,17,NA,3.15,417,0.1,0.54,0.74,NA,NA,0.37,NA,20.89,2.02,45,854.9539454,30.48565885,793.807,45.93062433,131.7302671,617.9157476,178.2208999,1410.14816,95.05850623,1202.662061,29.53759832,109.724205,1.825674811,1026.295011,cam,0.3941281736,-74.37892151,40.89027786,8.666784287,7.962999344,106.6104584,RC,,Mature deep,Basalt
CR18RRF,RR_f,RR,CR18,RR180407.f_S44239,NA,NA,8.63591,-82.22369,792,fluid,Central_America,Panama,Cordillera Talamanca,Rockslide,Rockslide,spring,plate margin,convergent,oceanic-continental subduction,Arc,aerial,3188281,felsic,igneous,granite,155979,8.63305556,-82.199722,2.66544235,"Quartz,Copper,Epidote,Magnetite,Malachite,Bornite,Muscovite,Pyrite,Chalcopyrite",41.3,2.51,NA,73,0.08,NA,0.32,0,0.017163,768.6467,NA,0.028655,0.032077,221.4196,w,NA,NA,NA,NA,NA,NA,NA,NA,NA,0.003,8.956,0.139,0.113,0.09,5.84,NA,EarthChem,M55KH,whole_rock,"IGNEOUS,VOLCANIC,INTERMEDIATE,ADAKITE",M55KH,8.796,-82.474,98.4906168,55.91,0.76,16.44,6.5506168,0.12,5.11,8.1,3.29,1.92,0.29,NA,NA,NA,NA,NA,205.5,NA,1291.24,NA,62.87,117.67,2.2,1.11,0.44,NA,3.49,0.4,33.02,NA,0.15,6.51,27.9,6.34,7.63,47,NA,4.45,1370,0.34,0.44,7.7,NA,NA,2.23,NA,11.26,1.03,126,964.9,25.4,533.5,40.2,141.2,542.2,113.7,1444.8,40,1072,56.6,102.6,2,902.1,cam,74.5,-52.8,43.1,8.8,7.8,109.1,RR,,Mature deep,Andesite
CR18RRS,RR_s,RR,CR18,RR180407.s_S44284,NA,NA,8.63591,-82.22369,792,sediment,Central_America,Panama,Cordillera Talamanca,Rockslide,Rockslide,spring,plate margin,convergent,oceanic-continental subduction,Arc,aerial,3188281,felsic,igneous,granite,155979,8.63305556,-82.199722,2.66544235,"Quartz,Copper,Epidote,Magnetite,Malachite,Bornite,Muscovite,Pyrite,Chalcopyrite",41.3,2.51,NA,73,0.08,NA,0.32,0,0.017163,768.6467,NA,0.028655,0.032077,221.4196,w,NA,,,,,NA,NA,NA,,,,,,,,NA,EarthChem,M55KH,whole_rock,"IGNEOUS,VOLCANIC,INTERMEDIATE,ADAKITE",M55KH,8.796,-82.474,98.4906168,55.91,0.76,16.44,6.5506168,0.12,5.11,8.1,3.29,1.92,0.29,NA,NA,NA,NA,NA,205.5,NA,1291.24,NA,62.87,117.67,2.2,1.11,0.44,NA,3.49,0.4,33.02,NA,0.15,6.51,27.9,6.34,7.63,47,NA,4.45,1370,0.34,0.44,7.7,NA,NA,2.23,NA,11.26,1.03,126,964.9,25.4,533.5,40.2,141.2,542.2,113.7,1444.8,40,1072,56.6,102.6,2,902.1,cam,74.5,-52.8,43.1,8.8,7.8,109.1,RR,,Mature deep,Andesite
CR17RSS,RS_s,RS,CR17,RSS.RS170216_S38572,CR17RSS,CR17RSS,10.232331,-85.531602,82,sediment,Central_America,Costa_Rica,Costa Rica outer forearc,Nicoya,Ranchero etl Salitral,spring,plate margin,convergent,oceanic-continental subduction,Outer Forearc,aerial,948807,mafic,igneous,basalt,215176,10.8091667,-85.5,6.12339999,"Cristobalite,Opal,Quartz",29,0.132,9.96,5.6,1.1900778,0.1,0.25,0,0,868.27984,0.3,0.6938,0.22825,106.49979,w,2.66,0.007140526316,0.6473185915,0.07,0.000614875,NA,0,NA,0.0007668421053,0,1.603995652,0.008457777778,0.0184258312,0.01,0.08,NA,EarthChem,020703-1Z,whole_rock,"IGNEOUS,VOLCANIC,FELSIC,RHYOLITE",020703-1Z,10.48,-85.4,99.6964243,73.2,0.41,14.83,2.7264243,0.07,0.42,2.58,2.33,3.08,0.05,NA,NA,NA,NA,NA,68.63,NA,1782.3,NA,46.92,8.53,3.26,1.94,1.2,NA,3.45,0.71,22.74,NA,0.4,8.39,17.15,15.27,4.9,58,NA,3.52,322,0.78,0.56,6.38,NA,NA,3.86,NA,18.08,2.27,149.5,711.7,34.1,117.2,28,94.4,775.3,406.2,1339.2,69.8,1430.9,27.2,79.5,2,106,cam,5.6,-33,25.3,8.5,4.7,103.3,RS,Perypheral geothermal,Mature deep,Rhyolite
CR17S14,S14_s,S14,,S14.S.14_S38590,,,,,,,,,,,,,,,,,,,,,,,,,,,,,,,,,,,,,,,,,,,,,,,,,,,,,,,,,,,,,,,,,,,,,,,,,,,,,,,,,,,,,,,,,,,,,,,,,,,,,,,,,,,,,,,,,,,,,,,,,,,,,,,,,,,,,,,,,,
CR17S33,S33_s,S33,,S33.S.33_S38573,,,,,,,,,,,,,,,,,,,,,,,,,,,,,,,,,,,,,,,,,,,,,,,,,,,,,,,,,,,,,,,,,,,,,,,,,,,,,,,,,,,,,,,,,,,,,,,,,,,,,,,,,,,,,,,,,,,,,,,,,,,,,,,,,,,,,,,,,,
CR18SCS,SC_s,SC,CR18,SC180411.s_S44251,CR18SCS,NA,8.15755,-81.13097,136,sediment,Central_America,Panama,Panama slab window,El Salao Campollano,El Salao Campollano,spring,plate margin,convergent,oceanic-continental subduction,Arc,aerial,3188281,felsic,igneous,granite,132473,8.83277778,-80.666667,52.9756856,"Albite,Arsenopyrite,Bornite,Chalcocite,Chalcopyrite,Copper,Covellite,Cubanite,Cuprite,Epidote,Galena,Goethite,Gold,Hematite,Ilmenite,Kaolinite,Magnetite,Molybdenite,Muscovite,Pyrite,Sphalerite,Tetrahedrite,Titanite",29.9,56.21,6.5,30,7.92,NA,58.45,NA,NA,NA,NA,NA,NA,NA,g,7.59,,,,,NA,NA,NA,,,,,,,,NA,EarthChem,DB05-088,whole_rock,"IGNEOUS,VOLCANIC,INTERMEDIATE,TRACHYANDESITE",DB05-088,7.98278,-81.36768,96.31,49.56,0.95,15.81,10.527777,0.19,5.31,6.96,3.07,2.44,0.32,NA,NA,NA,NA,22,374,NA,NA,NA,18.65,72,3.85,2.2,1.13,NA,3.7,0.79,8.7,NA,0.35,3.39,12.63,3.03,2.85,38.18,36,3.29,707,NA,0.59,0.8,NA,NA,0.39,NA,20.75,2.36,72,1063.9,21.9,3.7,28,211.3,514.4,187.4,1505.9,48.6,956.1,81.4,90.6,2.1,129.7,cam,195,-19.4,26.7,5.9,55.5,111,SC,,Mature deep,Basalt
CR18SCF,SC_f,SC,CR18,SC180411.f_S44268,NA,NA,8.15755,-81.13097,136,fluid,Central_America,Panama,Panama slab window,El Salao Campollano,El Salao Campollano,spring,plate margin,convergent,oceanic-continental subduction,Arc,aerial,3188281,felsic,igneous,granite,132473,8.83277778,-80.666667,52.9756856,"Albite,Arsenopyrite,Bornite,Chalcocite,Chalcopyrite,Copper,Covellite,Cubanite,Cuprite,Epidote,Galena,Goethite,Gold,Hematite,Ilmenite,Kaolinite,Magnetite,Molybdenite,Muscovite,Pyrite,Sphalerite,Tetrahedrite,Titanite",29.9,56.21,6.5,30,7.92,NA,58.45,NA,NA,NA,NA,NA,NA,NA,g,7.59,NA,NA,NA,NA,NA,NA,NA,NA,0.877,255.19,NA,6.817,4.43,10.98,NA,EarthChem,DB05-088,whole_rock,"IGNEOUS,VOLCANIC,INTERMEDIATE,TRACHYANDESITE",DB05-088,7.98278,-81.36768,96.31,49.56,0.95,15.81,10.527777,0.19,5.31,6.96,3.07,2.44,0.32,NA,NA,NA,NA,22,374,NA,NA,NA,18.65,72,3.85,2.2,1.13,NA,3.7,0.79,8.7,NA,0.35,3.39,12.63,3.03,2.85,38.18,36,3.29,707,NA,0.59,0.8,NA,NA,0.39,NA,20.75,2.36,72,1063.9,21.9,3.7,28,211.3,514.4,187.4,1505.9,48.6,956.1,81.4,90.6,2.1,129.7,cam,195,-19.4,26.7,5.9,55.5,111,SC,,Mature deep,Basalt
CR17SIS,SI_s,SI,CR17,SIS.SI170217_S38575,CR17SIS,CR17SIS,10.301239,-85.610549,36,sediment,Central_America,Costa_Rica,Costa Rica outer forearc,Nicoya,El Sitio,spring,plate margin,convergent,oceanic-continental subduction,Outer Forearc,aerial,3186035,mafic,igneous,basalt,215176,10.8091667,-85.5,13.0483729,"Cristobalite,Opal,Quartz",36,1.818,9.83,36.2,4.4480836,0.35,2.24,67.4,0.08551,917.73416,0.4,0,0.00342,4.01363,g,0.39,0.01051526316,0.6368552113,0.03,0.00035475,NA,0.02674822581,NA,0.0007331578947,0.00034,1.11079087,0,0.03014731458,0.02,0.15,NA,EarthChem,020703-1Z,whole_rock,"IGNEOUS,VOLCANIC,FELSIC,RHYOLITE",020703-1Z,10.48,-85.4,99.6964243,73.2,0.41,14.83,2.7264243,0.07,0.42,2.58,2.33,3.08,0.05,NA,NA,NA,NA,NA,68.63,NA,1782.3,NA,46.92,8.53,3.26,1.94,1.2,NA,3.45,0.71,22.74,NA,0.4,8.39,17.15,15.27,4.9,58,NA,3.52,322,0.78,0.56,6.38,NA,NA,3.86,NA,18.08,2.27,149.5,703.9,33.8,154.9,30.5,94.3,785.6,417.8,1341,66.4,1442.3,37,78.9,1.9,26,cam,1.2,-33.2,25.7,8.5,4.7,103.3,SI,Alkaline soda springs,Mature deep,Rhyolite
CR17SLF,SL_f,SL,CR17,SLF.SL170214_S38574,NA,CR17SLF,10.290599,-84.972435,165,fluid,Central_America,Costa_Rica,Active volcanic arc,Guanacaste_region,Santa Lucia,spring,plate margin,convergent,oceanic-continental subduction,Forearc,aerial,948789,felsic,igneous,granite,215165,10.3066667,-84.940278,3.57916815,"Galena,Gold,Hematite,Pyrite,Quartz,Sphalerite,Stibnite",57,1.462,6.12,22,3.1447098,0.24,5.69,NA,NA,NA,6.29,NA,NA,NA,w,3.84,0.08158105263,3.52374338,5.02,0.0017215,NA,0.02654467742,0.9,0.001474631579,0.07198285714,11.83016174,0.3100688889,0.5385846547,1.07,2.74,372.666,EarthChem,BOMB_80_7,whole_rock,"IGNEOUS,VOLCANIC,INTERMEDIATE,ANDESITE",BOMB_80_7,10.467,-84.733,99.91,53.3,0.65,18.77,8.6,0.18,5.58,9.54,2.68,0.43,0.18,NA,90.594,25.594,0.73,30.028,164.937,79.568,351.962,NA,18.655,53.062,2.74,1.612,0.98,NA,2.978,0.563,8.121,6.385,0.245,2.484,11.491,2.004,2.635,6.821,25.149,2.946,587.913,0.147,0.46,0.599,NA,0.023,0.232,0.169,16.125,1.574,38.523,709.4,38.1,56.7,34,138.3,760.6,367.7,1378.6,35.5,1398,22.3,85.4,1.7,250.4,cam,4.2,-59,39.2,8.5,8.1,104.1,SL,Perypheral geothermal,Mature deep,Basaltic Andesite
CR17SLS,SL_s,SL,CR17,SLS.SL170214.S_S38576,CR17SLS,CR17SLS,10.290599,-84.972435,165,sediment,Central_America,Costa_Rica,Active volcanic arc,Guanacaste_region,Santa Lucia,spring,plate margin,convergent,oceanic-continental subduction,Forearc,aerial,948789,felsic,igneous,granite,215165,10.3066667,-84.940278,3.57916815,"Galena,Gold,Hematite,Pyrite,Quartz,Sphalerite,Stibnite",57,1.462,6.12,22,3.1447098,0.24,5.69,NA,NA,NA,6.29,NA,NA,NA,w,3.84,,,,,NA,0.02654467742,NA,,,,,,,,NA,EarthChem,BOMB_80_7,whole_rock,"IGNEOUS,VOLCANIC,INTERMEDIATE,ANDESITE",BOMB_80_7,10.467,-84.733,99.91,53.3,0.65,18.77,8.6,0.18,5.58,9.54,2.68,0.43,0.18,NA,90.594,25.594,0.73,30.028,164.937,79.568,351.962,NA,18.655,53.062,2.74,1.612,0.98,NA,2.978,0.563,8.121,6.385,0.245,2.484,11.491,2.004,2.635,6.821,25.149,2.946,587.913,0.147,0.46,0.599,NA,0.023,0.232,0.169,16.125,1.574,38.523,709.4,38.1,56.7,34,138.3,760.6,367.7,1378.6,35.5,1398,22.3,85.4,1.7,250.4,cam,4.2,-59,39.2,8.5,8.1,104.1,SL,Perypheral geothermal,Mature deep,Basaltic Andesite
CR17STS,ST_s,ST,CR17,STS.ST170223_S38596,NA,NA,10.002942,-83.827507,2209,sediment,Central_America,Costa_Rica,Active volcanic arc,NA,Santa Theresa,spring,plate margin,convergent,oceanic-continental subduction,Arc,aerial,3188297,felsic,igneous,granite,187364,10,-84.099444,29.5223345,"""Chromite,Copper,Iron,Isocubanite,Mackinawite,Schreibersite,Taenite,Troilite""",55.8,2.98,4.51,4.7,NA,NA,9.94,187.3,0,19.49214,0.81,0.00442,0.02684,0.81927,w,NA,NA,NA,NA,NA,NA,NA,NA,NA,NA,NA,NA,NA,NA,NA,NA,EarthChem,TU 7,whole_rock,"IGNEOUS,VOLCANIC,INTERMEDIATE,ANDESITE",TU 7,10.01814,-83.76451,100.52,57.95,0.85,17.81,NA,0.1,4.23,7.27,3.92,1.4,0.26,NA,90,23,0,50,180,60,784,1,44.8,50,2.4,1.1,1.12,18,3.1,0.4,23.6,NA,0.17,8,21.4,0,5.29,25,18,3.9,925,0.4,0.4,3.3,NA,0,1.3,10,12,1.1,107,764.2694059,35.34599463,494.501,63.17899491,164.1599054,701.222978,271.8253391,1429.304633,4.313836958,1299.269114,26.19743838,95.49660979,1.686592875,2498.272089,cam,4.124637902,-114.0887985,56.35266495,8.614129066,8.011993408,105.7864227,ST,,Mature deep,Andesite
CR17TCF,TC_f,TC,CR17,TCF.TC170221_S38583,NA,CR17TCF,10.366486,-84.381208,553,fluid,Central_America,Costa_Rica,Active volcanic arc,Central_Cordillera,El Tucano bubbling site,spring,plate margin,convergent,oceanic-continental subduction,Arc,aerial,951224,felsic,igneous,granite,21899,10.0463889,-84.343889,5.42631516,"Opal,Actinolite,Osmium,Alunite,Pararealgar,Analcime,Pentlandite,Anorthite,Polydymite,Arsenic,Prehnite,Arsenolite,Pyrite,Augite,Pyrolusite,Awaruite,Pyrrhotite,Baryte,Quartz,Bornite,Realgar,Braunite,Rhodonite,Brucite,Samaniite,Calcite,Schreibersite,Chabazite-Ca,Scolecite,Chalcocite,Smythite,Chalcopyrite,Sphalerite,Chromite,Stibnite,Chrysocolla,Sugakiite,Copper,Sulphur,Covellite,Taenite,Cowlesite,Talc,Cristobalite,Thomsonite-Ca,Cubanite,Todorokite,Cuprite,Troilite,Dolomite,Tschernichite,Epidote,Vermiculite,Epistilbite,Violarite,Erlichmanite,Fluorapophyllite-(K),Galena,Garronite-Ca,Goethite,Gold,Gonnardite,Gypsum,Gyrolite,Heazlewoodite,Hematite,Hollandite,Iron,Isocubanite,Kaolinite,Laumontite,Laurite,Mackinawite,Magnetite,Malachite,Marcasite,Mesolite,Molybdenite,Mordenite,Muscovite,Natrolite,Offretite,Okenite",60,1.835,6.27,18.7,5.0443663,0.92,13.57,965.4,0.01025,32.74274,1.07,0.94095,0.00027,0.22967,g,6.57,0,18.53446676,0.06,0.012649125,0,0.04803645161,0,0.001310210526,0.05299428571,12.95616565,1.325659444,1.313599488,2.29,1.06,627.648,EarthChem,BOMB_80_7,whole_rock,"IGNEOUS,VOLCANIC,INTERMEDIATE,ANDESITE",BOMB_80_7,10.467,-84.733,99.91,53.3,0.65,18.77,8.6,0.18,5.58,9.54,2.68,0.43,0.18,NA,90.594,25.594,0.73,30.028,164.937,79.568,351.962,NA,18.655,53.062,2.74,1.612,0.98,NA,2.978,0.563,8.121,6.385,0.245,2.484,11.491,2.004,2.635,6.821,25.149,2.946,587.913,0.147,0.46,0.599,NA,0.023,0.232,0.169,16.125,1.574,38.523,711.1,39.6,24.3,59.1,174,751.8,336.1,1423.3,7.9,1366.7,18.4,89.3,1.6,551,cam,4.6,-110.7,58.2,8.5,8.1,104.1,TC,Perypheral geothermal,Mature deep,Basaltic Andesite
CR17TCS,TC_s,TC,CR17,TCS.TC170221.2_S38592,CR17TCS,CR17TCS,10.366486,-84.381208,553,sediment,Central_America,Costa_Rica,Active volcanic arc,Central_Cordillera,El Tucano bubbling site,spring,plate margin,convergent,oceanic-continental subduction,Arc,aerial,951224,felsic,igneous,granite,21899,10.0463889,-84.343889,5.42631516,"Opal,Actinolite,Osmium,Alunite,Pararealgar,Analcime,Pentlandite,Anorthite,Polydymite,Arsenic,Prehnite,Arsenolite,Pyrite,Augite,Pyrolusite,Awaruite,Pyrrhotite,Baryte,Quartz,Bornite,Realgar,Braunite,Rhodonite,Brucite,Samaniite,Calcite,Schreibersite,Chabazite-Ca,Scolecite,Chalcocite,Smythite,Chalcopyrite,Sphalerite,Chromite,Stibnite,Chrysocolla,Sugakiite,Copper,Sulphur,Covellite,Taenite,Cowlesite,Talc,Cristobalite,Thomsonite-Ca,Cubanite,Todorokite,Cuprite,Troilite,Dolomite,Tschernichite,Epidote,Vermiculite,Epistilbite,Violarite,Erlichmanite,Fluorapophyllite-(K),Galena,Garronite-Ca,Goethite,Gold,Gonnardite,Gypsum,Gyrolite,Heazlewoodite,Hematite,Hollandite,Iron,Isocubanite,Kaolinite,Laumontite,Laurite,Mackinawite,Magnetite,Malachite,Marcasite,Mesolite,Molybdenite,Mordenite,Muscovite,Natrolite,Offretite,Okenite",60,1.835,6.27,18.7,5.0443663,0.92,13.57,965.4,0.01025,32.74274,1.07,0.94095,0.00027,0.22967,g,6.57,,,,,NA,0.04803645161,NA,,,,,,,,NA,EarthChem,BOMB_80_7,whole_rock,"IGNEOUS,VOLCANIC,INTERMEDIATE,ANDESITE",BOMB_80_7,10.467,-84.733,99.91,53.3,0.65,18.77,8.6,0.18,5.58,9.54,2.68,0.43,0.18,NA,90.594,25.594,0.73,30.028,164.937,79.568,351.962,NA,18.655,53.062,2.74,1.612,0.98,NA,2.978,0.563,8.121,6.385,0.245,2.484,11.491,2.004,2.635,6.821,25.149,2.946,587.913,0.147,0.46,0.599,NA,0.023,0.232,0.169,16.125,1.574,38.523,711.1,39.6,24.3,59.1,174,751.8,336.1,1423.3,7.9,1366.7,18.4,89.3,1.6,551,cam,4.6,-110.7,58.2,8.5,8.1,104.1,TC,Perypheral geothermal,Mature deep,Basaltic Andesite
CR17VCS,VC_s,VC,CR17,VCS.VC170218_S38580,NA,NA,10.897847,-85.326461,436,sediment,Central_America,Costa_Rica,Active volcanic arc,Guanacaste_region,Blue River Volcancito,spring,plate margin,convergent,oceanic-continental subduction,Arc,aerial,951224,felsic,igneous,granite,187362,10.5111111,-85.3175,3.71917272,"Analcime,Awaruite,Bornite,Braunite,Brucite,Calcite,Chalcocite,Chalcopyrite,Chromite,Copper,Covellite,Cowlesite,Cristobalite,Cubanite,Cuprite,Erlichmanite,Galena,Gold,Heazlewoodite,Hematite,Hollandite,Kaolinite,Laumontite,Laurite,Magnetite,Mesolite,Offretite,Opal,Osmium,Pentlandite,Polydymite,Pyrite,Pyrolusite,Pyrrhotite,Quartz,Samaniite,Smythite,Sphalerite,Stibnite,Sugakiite,Taenite,Talc,Thomsonite-Ca,Violarite",59.8,7.19,5,17.1,0.3254736,NA,6.13,925.1,0.01846,71.21107,1,2.02196,0.00616,0.3363,g,6.88,0.006398947368,27.06923465,4.65,0.011980375,NA,0.03863209677,NA,0.001424,0.02751714286,8.551337826,1.037713333,2.766016113,10.72,7.38,NA,EarthChem,RV63,whole_rock,"IGNEOUS, VOLCANIC, UNKNOWN, NOT-GIVEN",RV63,10.833,-85.333,99.06,58.21,0.59,16.05,7.43,0.14,4.62,7.52,2.82,1.53,0.15,NA,81.11,21.31,1.41,30.63,147.72,60.02,751,NA,29.62,99.21,3.23,1.93,1.15,NA,3.71,0.67,14.18,9.07,0.3,4.23,16.09,3.94,4.03,25.76,23.47,3.79,445.61,0.26,0.57,2.8,NA,0.14,1.25,0.28,17.71,1.97,93.67,639.1698196,37.54578607,1038.68,24.19357856,161.0915741,836.4722306,444.101143,1413.39492,8.264136851,1474.917053,16.77024839,83.91875817,1.518777528,438.5991237,cam,4.106940269,-87.06365204,51.52106094,8.398391724,4.753071785,102.4356766,VC,Perypheral geothermal,calcite,Andesite
CR18XFS,XF_s,XF,CR18,XS180416.s_S44290,CR18XFS,NA,10.485523,-84.113229,74,sediment,Central_America,Costa_Rica,Active volcanic backarc,Praxair well 19,Praxair well 19,spring,plate margin,convergent,oceanic-continental subduction,Backarc,aerial,3188297,intermediate-felsic,igneous,andesite,293056,10,-84.1,5.73516767,"Chromite,Copper,Iron,Isocubanite,Mackinawite,Schreibersite,Taenite,Troilite",NA,NA,NA,NA,1.86,NA,NA,925.1,0.01846,71.21107,NA,NA,NA,NA,g,7.62,,,,,NA,NA,NA,,,,,,,,NA,EarthChem,AR-020206-3,whole_rock,"IGNEOUS,VOLCANIC,MAFIC,BASALT",AR.020206-3,10.4688,-84.0297,95.828119,49.6,1,18.25,8.908119,0.34,4.31,9.78,2.61,0.81,0.22,NA,117,NA,NA,38,297.66,70,333.1,NA,15.96,114,4.16,2.7,1.14,NA,3.91,0.86,7.42,NA,0.47,2.75,12.45,1.89,2.58,13,NA,3.49,439,0.16,0.61,0.72,NA,NA,0.2,NA,28.33,2.89,63.02,704.7,38.9,956.4,90.5,198.4,759,333.5,1451.5,34,1362,36.2,90.3,1.6,90.2,cam,2.2,-169.7,61.1,8.5,8.1,104.1,XF,,Mature deep,Basalt
CR18XFF,XF_f,XF,CR18,XF180416.f_S44242,NA,NA,10.485523,-84.113229,74,fluid,Central_America,Costa_Rica,Active volcanic backarc,Praxair well 19,Praxair well 19,spring,plate margin,convergent,oceanic-continental subduction,Backarc,aerial,3188297,intermediate-felsic,igneous,andesite,293056,10,-84.1,5.73516767,"Chromite,Copper,Iron,Isocubanite,Mackinawite,Schreibersite,Taenite,Troilite",NA,NA,NA,NA,1.86,NA,NA,NA,NA,NA,NA,NA,NA,NA,g,7.62,NA,NA,NA,NA,NA,NA,NA,NA,0.03535533906,15.527,0.195,0.669,3.59,4.67,NA,EarthChem,AR-020206-3,whole_rock,"IGNEOUS,VOLCANIC,MAFIC,BASALT",AR.020206-3,10.4688,-84.0297,95.828119,49.6,1,18.25,8.908119,0.34,4.31,9.78,2.61,0.81,0.22,NA,117,NA,NA,38,297.66,70,333.1,NA,15.96,114,4.16,2.7,1.14,NA,3.91,0.86,7.42,NA,0.47,2.75,12.45,1.89,2.58,13,NA,3.49,439,0.16,0.61,0.72,NA,NA,0.2,NA,28.33,2.89,63.02,704.7,38.9,956.4,90.5,198.4,759,333.5,1451.5,34,1362,36.2,90.3,1.6,90.2,cam,2.2,-169.7,61.1,8.5,8.1,104.1,XF,,Mature deep,Basalt
CR18YRF,YR_f,YR,CR18,YR180404.f_S44278,NA,NA,9.19492,-83.28059,469,fluid,Central_America,Panama,Cordillera Talamanca,NA,Yheri,spring,plate margin,convergent,oceanic-continental subduction,Forearc,aerial,967024,sedimentary,sedimentary,sedimentary,206331,9.36916667,-82.976389,38.8420695,"""Alunite,Baryte,Bornite,Chalcocite,Chalcopyrite,Epidote,Galena,Gold,Kaolinite,Muscovite,Pyrite,Sphalerite""",26,4.59,8.9,10,NA,NA,0.06,NA,NA,NA,NA,NA,NA,NA,w,2.87,NA,NA,NA,NA,NA,NA,NA,NA,0.041,28.902,NA,0.282,0.28,7.51,NA,EarthChem,TA-040107-4,whole_rock,"IGNEOUS, VOLCANIC, INTERMEDIATE, ADAKITE",TA-040107-4,9.2468,-83.2642,96.35,48.55,0.67,18.62,9.72,0.21,4.23,9.4,2.89,1.7,0.36,NA,NA,NA,NA,NA,NA,NA,1017.69,NA,63.06,4.55,2.56,1.37,1.53,NA,4.69,0.48,32.76,NA,0.21,6.27,27.4,5.88,7.07,24,NA,4.87,1090,0.26,0.58,6.28,NA,NA,2.53,NA,15.34,1.36,70,866.9080338,29.82926323,851.392,41.25222973,125.1909565,605.8740531,166.3128572,1402.847625,92.03486432,1191.633899,18.27336285,111.9961207,1.896303356,544.6360541,cam,2.20587039,-67.97796631,40.57641602,8.71883297,7.915157318,107.4337692,YR,,Mature deep,Basalt
CR18BLANK,blank,blank,,Extraction.blank_S44240,,,,,,,,,,,,,,,,,,,,,,,,,,,,,,,,,,,,,,,,,,,,,,,,,,,,,,,,,,,,,,,,,,,,,,,,,,,,,,,,,,,,,,,,,,,,,,,,,,,,,,,,,,,,,,,,,,,,,,,,,,,,,,,,,,,,,,,,,,
